--
-- First drop any existing tables. Any errors are ignored.
--
DROP VIEW CS_CATEGORIES_DETAIL cascade constraints;
DROP VIEW CS_POSTS_DETAIL cascade constraints;
DROP TRIGGER CS_ADD_COMMENTS;
DROP TABLE CS_COMMENTS cascade constraints;
DROP TRIGGER CS_ADD_POSTS;
DROP TABLE CS_POSTS cascade constraints;
DROP TRIGGER CS_ADD_MSGS;
DROP TABLE CS_MSGS cascade constraints;
DROP SEQUENCE CS_MSGS_SEQ;
DROP TRIGGER CS_ADD_CATEGORIES;
DROP SEQUENCE CS_CATEGORIES_SEQ;
DROP TABLE CS_CATEGORIES cascade constraints;
DROP TABLE CS_BANNED_USERS cascade constraints;
DROP TABLE CS_ADMINS cascade constraints;
DROP TABLE CS_USERS cascade constraints;

--
-- Now, add each table.
--
CREATE TABLE CS_USERS 
			(
			id INT PRIMARY KEY,
			email VARCHAR2(256) UNIQUE NOT NULL,
			name VARCHAR2(15) UNIQUE NOT NULL,
			pw_md5 CHAR(32) NOT NULL,
			salt CHAR(4) NOT NULL,
			register_datetime TIMESTAMP NOT NULL,
			status INT NOT NULL
			);
			
CREATE TABLE CS_ADMINS 
			(
			id INT PRIMARY KEY, 
			senior_id INT,
			FOREIGN KEY (id) REFERENCES CS_USERS (id),
			FOREIGN KEY (senior_id ) REFERENCES CS_ADMINS (id)
			);

CREATE TABLE CS_BANNED_USERS 
				(
				id INT PRIMARY KEY, 
				banned_datetime TIMESTAMP NOT NULL,
				admin_id INT NOT NULL,
				FOREIGN KEY (id) REFERENCES CS_USERS (id),
				FOREIGN KEY (admin_id) REFERENCES CS_ADMINS (id)
				);

CREATE TABLE CS_CATEGORIES 
			(
			id INT PRIMARY KEY, 
			name VARCHAR2(20) NOT NULL UNIQUE,
			datetime TIMESTAMP NOT NULL,
			admin_id INT,
			FOREIGN KEY (admin_id) REFERENCES CS_ADMINS(id)
			);
			
CREATE SEQUENCE CS_CATEGORIES_SEQ;

CREATE OR REPLACE TRIGGER CS_ADD_CATEGORIES 
			BEFORE INSERT ON CS_CATEGORIES 
			FOR EACH ROW
			BEGIN
			 SELECT CS_CATEGORIES_SEQ.NEXTVAL
			 INTO  :new.id
			 FROM  dual;
			END;
/
		
CREATE SEQUENCE CS_MSGS_SEQ;

CREATE TABLE CS_MSGS 
			(
			id INT PRIMARY KEY,
			user_id INT NOT NULL,
			datetime TIMESTAMP NOT NULL,
			content VARCHAR2( 512 ) NOT NULL,
			FOREIGN KEY (user_id) REFERENCES CS_USERS (id)
			);

CREATE OR REPLACE TRIGGER CS_ADD_MSGS 
			BEFORE INSERT ON CS_MSGS 
			FOR EACH ROW
			BEGIN
			  SELECT CS_MSGS_SEQ.NEXTVAL
			  INTO   :new.id
			  FROM   dual;
			END;
/

CREATE TABLE CS_POSTS 
			(
			id INT PRIMARY KEY,
			category_id INT NOT NULL,
			title VARCHAR2( 50 ) NOT NULL,
			FOREIGN KEY (id) REFERENCES CS_MSGS (id) ON DELETE CASCADE,
			FOREIGN KEY (category_id) REFERENCES CS_CATEGORIES (id) ON DELETE CASCADE
			);

CREATE OR REPLACE TRIGGER CS_ADD_POSTS 
			BEFORE INSERT ON CS_POSTS 
			FOR EACH ROW
			BEGIN
			  SELECT CS_MSGS_SEQ.CURRVAL
			  INTO   :new.id
			  FROM   dual;
			END;
/

CREATE TABLE CS_COMMENTS 
			(
			id INT PRIMARY KEY,
			post_id INT NOT NULL,
			FOREIGN KEY (id) REFERENCES CS_MSGS (id) ON DELETE CASCADE,
			FOREIGN KEY (post_id) REFERENCES CS_POSTS (id) ON DELETE CASCADE
			);

CREATE OR REPLACE TRIGGER CS_ADD_COMMENTS 
			BEFORE INSERT ON CS_COMMENTS 
			FOR EACH ROW
			BEGIN
			  SELECT CS_MSGS_SEQ.CURRVAL
			  INTO   :new.id
			  FROM   dual;
			END;
/
		
create view CS_CATEGORIES_DETAIL(category_id, category_name, posts_num) AS
				select c.id, c.name, count(*)
				from CS_CATEGORIES c, CS_POSTS p
				where c.ID = p.CATEGORY_ID
				group by c.name, c.id
				order by c.id;
				
create view CS_POSTS_DETAIL(CATEGORY_ID, CATEGORY_NAME, USER_ID, USER_NAME, POST_ID, TITLE, CONTENT, DATETIME) As
				 select c.id, c.name, u.id, u.name, p.id, p.title, m.content, m.datetime
				 from CS_MSGS m, CS_POSTS p, CS_USERS u, CS_CATEGORIES c 
				 where m.id = p.id and u.id = m.user_id and c.id = p.category_id;
				 
--
--CS_USERS
--
REM INSERTING into CS_USERS
SET DEFINE OFF;
Insert into CS_USERS (ID,EMAIL,NAME,PW_MD5,SALT,REGISTER_DATETIME,STATUS) values (963042884,'tempor.bibendum.Donec@commodohendrerit.com','Joan','249d7068c679c2c7eb1ac3f6908f8c44','nnhK',to_timestamp('16-06-12 14:07:30.834418000','RR-MM-DD HH24:MI:SSXFF'),0);
Insert into CS_USERS (ID,EMAIL,NAME,PW_MD5,SALT,REGISTER_DATETIME,STATUS) values (899901892,'auctor@semeget.ca','Nola','d410152ec0e597091591ca1e8852ee7a','Nh06',to_timestamp('16-06-12 14:07:30.873235000','RR-MM-DD HH24:MI:SSXFF'),0);
Insert into CS_USERS (ID,EMAIL,NAME,PW_MD5,SALT,REGISTER_DATETIME,STATUS) values (449055923,'Phasellus.at@tempor.ca','Shelley','f0f81677eaace495136517f1fb10293a','duXm',to_timestamp('16-06-12 14:07:30.908270000','RR-MM-DD HH24:MI:SSXFF'),0);
Insert into CS_USERS (ID,EMAIL,NAME,PW_MD5,SALT,REGISTER_DATETIME,STATUS) values (901881543,'Phasellus.in@utipsumac.net','Finn','91f8c32540311c51ad646e2dfc98319a','EL01',to_timestamp('16-06-12 14:07:30.942739000','RR-MM-DD HH24:MI:SSXFF'),0);
Insert into CS_USERS (ID,EMAIL,NAME,PW_MD5,SALT,REGISTER_DATETIME,STATUS) values (694174312,'in@nullaat.com','Porter','b9d8c378cf958c3e3b8da2191b500b78','MTxs',to_timestamp('16-06-12 14:07:30.977589000','RR-MM-DD HH24:MI:SSXFF'),0);
Insert into CS_USERS (ID,EMAIL,NAME,PW_MD5,SALT,REGISTER_DATETIME,STATUS) values (294073332,'turpis.Nulla.aliquet@pede.com','Ora','1b495ff2c08af5f189f17418ea6b33a4','Fg9p',to_timestamp('16-06-12 14:07:31.012634000','RR-MM-DD HH24:MI:SSXFF'),0);
Insert into CS_USERS (ID,EMAIL,NAME,PW_MD5,SALT,REGISTER_DATETIME,STATUS) values (742366732,'malesuada.fringilla.est@interdum.net','Hunter','0c0dab6c13719879a98a90c5cf6e32d3','C5uY',to_timestamp('16-06-12 14:07:31.046537000','RR-MM-DD HH24:MI:SSXFF'),0);
Insert into CS_USERS (ID,EMAIL,NAME,PW_MD5,SALT,REGISTER_DATETIME,STATUS) values (911131203,'egestas.Sed@sollicitudinamalesuada.net','Avram','08a246818f6ccabf38bfc6ad92a35f6d','NJoA',to_timestamp('16-06-12 14:07:31.080785000','RR-MM-DD HH24:MI:SSXFF'),0);
Insert into CS_USERS (ID,EMAIL,NAME,PW_MD5,SALT,REGISTER_DATETIME,STATUS) values (164650115,'ipsum.cursus.vestibulum@ipsum.net','Libby','5417564f2645a662621183647a97fbe1','Rk6o',to_timestamp('16-06-12 14:07:31.115604000','RR-MM-DD HH24:MI:SSXFF'),0);
Insert into CS_USERS (ID,EMAIL,NAME,PW_MD5,SALT,REGISTER_DATETIME,STATUS) values (466330133,'non.magna.Nam@non.co.uk','Maisie','294a52808a48157bdb3f49081d56296a','dsVi',to_timestamp('16-06-12 14:07:31.150419000','RR-MM-DD HH24:MI:SSXFF'),0);
Insert into CS_USERS (ID,EMAIL,NAME,PW_MD5,SALT,REGISTER_DATETIME,STATUS) values (789110754,'egestas.Aliquam@ligula.com','Kalia','4f88c8774dc5dd0eb8c1f040adecbaec','n5ZW',to_timestamp('16-06-12 14:07:31.185414000','RR-MM-DD HH24:MI:SSXFF'),0);
Insert into CS_USERS (ID,EMAIL,NAME,PW_MD5,SALT,REGISTER_DATETIME,STATUS) values (180529738,'justo.eu@sedfacilisisvitae.net','Celeste','676378cbc7a1c7674e22fcd959b1b1f4','mkyF',to_timestamp('16-06-12 14:07:31.219622000','RR-MM-DD HH24:MI:SSXFF'),0);
Insert into CS_USERS (ID,EMAIL,NAME,PW_MD5,SALT,REGISTER_DATETIME,STATUS) values (551530123,'Duis.a.mi@orci.edu','Ingrid','291c8692aaef29fcf12a6eebcc59bd7b','vbSk',to_timestamp('16-06-12 14:07:31.253982000','RR-MM-DD HH24:MI:SSXFF'),0);
Insert into CS_USERS (ID,EMAIL,NAME,PW_MD5,SALT,REGISTER_DATETIME,STATUS) values (13011912,'egestas.Sed.pharetra@Suspendisseseddolor.org','Barrett','20668fb1756df67fa84833b5bc375d2c','nYCA',to_timestamp('16-06-12 14:07:31.289361000','RR-MM-DD HH24:MI:SSXFF'),0);
Insert into CS_USERS (ID,EMAIL,NAME,PW_MD5,SALT,REGISTER_DATETIME,STATUS) values (910843102,'Suspendisse.aliquet@bibendumDonecfelis.org','Gemma','015afd9101e30d6a940cd04ead5203e3','A5lU',to_timestamp('16-06-12 14:07:31.324753000','RR-MM-DD HH24:MI:SSXFF'),0);
Insert into CS_USERS (ID,EMAIL,NAME,PW_MD5,SALT,REGISTER_DATETIME,STATUS) values (459335581,'fringilla.porttitor@Aeneanegestashendrerit.com','Lacy','bba93ee82cdfb3a4f1de74a0fcc171a8','vp38',to_timestamp('16-06-12 14:07:31.359465000','RR-MM-DD HH24:MI:SSXFF'),0);
Insert into CS_USERS (ID,EMAIL,NAME,PW_MD5,SALT,REGISTER_DATETIME,STATUS) values (486301748,'erat@ametdapibusid.ca','Rhoda','cc8e7c6d5d72e23009131b68e2d6a95d','jj3g',to_timestamp('16-06-12 14:07:31.393958000','RR-MM-DD HH24:MI:SSXFF'),0);
Insert into CS_USERS (ID,EMAIL,NAME,PW_MD5,SALT,REGISTER_DATETIME,STATUS) values (30352832,'adipiscing.ligula.Aenean@dignissim.edu','Brett','763fe7f12600321f8db26dc6ac5d4017','3mMc',to_timestamp('16-06-12 14:07:31.428104000','RR-MM-DD HH24:MI:SSXFF'),0);
Insert into CS_USERS (ID,EMAIL,NAME,PW_MD5,SALT,REGISTER_DATETIME,STATUS) values (529332265,'ut@tincidunt.edu','Linus','81bc881caeb596668504bceefc6f1204','9SSy',to_timestamp('16-06-12 14:07:31.462979000','RR-MM-DD HH24:MI:SSXFF'),0);
Insert into CS_USERS (ID,EMAIL,NAME,PW_MD5,SALT,REGISTER_DATETIME,STATUS) values (213610313,'Etiam.laoreet@ametmassaQuisque.ca','Colette','16eee13011d5c5d7e70e36183eed5ea0','ITP0',to_timestamp('16-06-12 14:07:31.510423000','RR-MM-DD HH24:MI:SSXFF'),0);
Insert into CS_USERS (ID,EMAIL,NAME,PW_MD5,SALT,REGISTER_DATETIME,STATUS) values (777664288,'condimentum.Donec@quis.ca','Keelie','a4bcbe5ee2515f09d7ee0006ddaa8cb6','VQYs',to_timestamp('16-06-12 14:07:31.547054000','RR-MM-DD HH24:MI:SSXFF'),0);
Insert into CS_USERS (ID,EMAIL,NAME,PW_MD5,SALT,REGISTER_DATETIME,STATUS) values (574222592,'turpis.Nulla@sagittis.edu','Fleur','ba765bfe65b69933031f351f107640e1','fSYN',to_timestamp('16-06-12 14:07:31.661378000','RR-MM-DD HH24:MI:SSXFF'),0);
Insert into CS_USERS (ID,EMAIL,NAME,PW_MD5,SALT,REGISTER_DATETIME,STATUS) values (653254411,'Quisque@enimmitempor.net','Nicholas','f42238e8ae34867caf427cf97a705f4e','h5JE',to_timestamp('16-06-12 14:07:31.697297000','RR-MM-DD HH24:MI:SSXFF'),0);
Insert into CS_USERS (ID,EMAIL,NAME,PW_MD5,SALT,REGISTER_DATETIME,STATUS) values (576779473,'lacus@egestasurnajusto.co.uk','Stewart','e91816aa3188892d81e23bf2ac121fbf','HaLm',to_timestamp('16-06-12 14:07:31.732814000','RR-MM-DD HH24:MI:SSXFF'),0);
Insert into CS_USERS (ID,EMAIL,NAME,PW_MD5,SALT,REGISTER_DATETIME,STATUS) values (716264410,'montes.nascetur@arcuMorbisit.org','Ray','07b108a63886253ac83c6ac69d16ed48','Up5O',to_timestamp('16-06-12 14:07:31.769006000','RR-MM-DD HH24:MI:SSXFF'),0);

--
--CS_ADMINS
--
REM INSERTING into CS_ADMINS
SET DEFINE OFF;
Insert into CS_ADMINS (ID,SENIOR_ID) values (777664288,null);
Insert into CS_ADMINS (ID,SENIOR_ID) values (574222592,null);
Insert into CS_ADMINS (ID,SENIOR_ID) values (653254411,null);
Insert into CS_ADMINS (ID,SENIOR_ID) values (576779473,null);
Insert into CS_ADMINS (ID,SENIOR_ID) values (716264410,null);

--
-- CS_BANNED_USERS
--
REM INSERTING into CS_BANNED_USERS
SET DEFINE OFF;

--
--CS_CATEGORIES
--
REM INSERTING into CS_CATEGORIES
SET DEFINE OFF;
Insert into CS_CATEGORIES (ID,NAME,DATETIME,ADMIN_ID) values (null,'Life',to_timestamp('16-06-12 14:07:31.932778000','RR-MM-DD HH24:MI:SSXFF'),null);
Insert into CS_CATEGORIES (ID,NAME,DATETIME,ADMIN_ID) values (null,'Books',to_timestamp('16-06-12 14:07:31.969276000','RR-MM-DD HH24:MI:SSXFF'),null);
Insert into CS_CATEGORIES (ID,NAME,DATETIME,ADMIN_ID) values (null,'Travel',to_timestamp('16-06-12 14:07:32.003925000','RR-MM-DD HH24:MI:SSXFF'),null);
Insert into CS_CATEGORIES (ID,NAME,DATETIME,ADMIN_ID) values (null,'Fashion',to_timestamp('16-06-12 14:07:32.038144000','RR-MM-DD HH24:MI:SSXFF'),null);
Insert into CS_CATEGORIES (ID,NAME,DATETIME,ADMIN_ID) values (null,'Games',to_timestamp('16-06-12 14:07:32.072016000','RR-MM-DD HH24:MI:SSXFF'),null);
Insert into CS_CATEGORIES (ID,NAME,DATETIME,ADMIN_ID) values (null,'Movies',to_timestamp('16-06-12 14:07:32.109404000','RR-MM-DD HH24:MI:SSXFF'),null);
Insert into CS_CATEGORIES (ID,NAME,DATETIME,ADMIN_ID) values (null,'Food',to_timestamp('16-06-12 14:07:32.144229000','RR-MM-DD HH24:MI:SSXFF'),null);
Insert into CS_CATEGORIES (ID,NAME,DATETIME,ADMIN_ID) values (null,'Music',to_timestamp('16-06-12 14:07:32.179644000','RR-MM-DD HH24:MI:SSXFF'),null);
Insert into CS_CATEGORIES (ID,NAME,DATETIME,ADMIN_ID) values (null,'Family',to_timestamp('16-06-12 14:07:32.213820000','RR-MM-DD HH24:MI:SSXFF'),null);

--
--CS_MSGS
--
REM INSERTING into CS_MSGS
SET DEFINE OFF;
Insert into CS_MSGS (ID,USER_ID,DATETIME,CONTENT) values (37,551530123,to_timestamp('16-06-12 14:07:40.384674000','RR-MM-DD HH24:MI:SSXFF'),'sit amet luctus vulputate, nisi sem semper erat, in consectetuer ipsum nunc id enim. Curabitur massa. Vestibulum accumsan');
Insert into CS_MSGS (ID,USER_ID,DATETIME,CONTENT) values (38,777664288,to_timestamp('16-06-12 14:07:40.643626000','RR-MM-DD HH24:MI:SSXFF'),'per conubia nostra, per inceptos hymenaeos. Mauris ut quam vel sapien imperdiet ornare. In faucibus. Morbi vehicula. Pellentesque tincidunt tempus risus. Donec egestas. Duis ac arcu. Nunc mauris. Morbi non sapien molestie orci tincidunt');
Insert into CS_MSGS (ID,USER_ID,DATETIME,CONTENT) values (39,653254411,to_timestamp('16-06-12 14:07:40.841166000','RR-MM-DD HH24:MI:SSXFF'),'posuere vulputate, lacus. Cras interdum. Nunc sollicitudin commodo ipsum. Suspendisse non leo. Vivamus nibh dolor, nonummy ac, feugiat non, lobortis quis, pede. Suspendisse dui. Fusce diam nunc, ullamcorper eu, euismod ac, fermentum vel, mauris.');
Insert into CS_MSGS (ID,USER_ID,DATETIME,CONTENT) values (40,789110754,to_timestamp('16-06-12 14:07:41.037950000','RR-MM-DD HH24:MI:SSXFF'),'vulputate eu, odio. Phasellus at augue id');
Insert into CS_MSGS (ID,USER_ID,DATETIME,CONTENT) values (41,910843102,to_timestamp('16-06-12 14:07:41.302489000','RR-MM-DD HH24:MI:SSXFF'),'ante blandit viverra. Donec tempus, lorem fringilla ornare placerat, orci lacus vestibulum lorem, sit amet ultricies');
Insert into CS_MSGS (ID,USER_ID,DATETIME,CONTENT) values (42,653254411,to_timestamp('16-06-12 14:07:41.496714000','RR-MM-DD HH24:MI:SSXFF'),'leo. Vivamus nibh dolor, nonummy ac, feugiat non, lobortis quis, pede. Suspendisse dui. Fusce diam nunc, ullamcorper eu, euismod ac, fermentum vel, mauris. Integer sem elit, pharetra ut, pharetra sed, hendrerit a, arcu. Sed');
Insert into CS_MSGS (ID,USER_ID,DATETIME,CONTENT) values (43,694174312,to_timestamp('16-06-12 14:07:41.698845000','RR-MM-DD HH24:MI:SSXFF'),'augue, eu tempor erat neque non quam. Pellentesque habitant morbi tristique senectus et netus et malesuada fames ac turpis egestas. Aliquam fringilla cursus purus. Nullam scelerisque neque sed sem egestas blandit. Nam nulla');
Insert into CS_MSGS (ID,USER_ID,DATETIME,CONTENT) values (44,789110754,to_timestamp('16-06-12 14:07:41.896727000','RR-MM-DD HH24:MI:SSXFF'),'in molestie tortor nibh sit amet orci. Ut sagittis lobortis mauris. Suspendisse aliquet molestie tellus. Aenean egestas hendrerit neque. In ornare sagittis felis. Donec tempor, est ac mattis semper, dui lectus rutrum urna, nec luctus felis purus ac tellus. Suspendisse');
Insert into CS_MSGS (ID,USER_ID,DATETIME,CONTENT) values (45,294073332,to_timestamp('16-06-12 14:07:42.099989000','RR-MM-DD HH24:MI:SSXFF'),'tincidunt aliquam arcu. Aliquam ultrices iaculis odio. Nam interdum enim non nisi. Aenean eget metus. In nec orci. Donec nibh. Quisque nonummy ipsum non arcu. Vivamus sit amet risus. Donec egestas. Aliquam nec enim.');
Insert into CS_MSGS (ID,USER_ID,DATETIME,CONTENT) values (46,910843102,to_timestamp('16-06-12 14:07:42.307115000','RR-MM-DD HH24:MI:SSXFF'),'Morbi accumsan laoreet ipsum. Curabitur consequat, lectus sit amet luctus vulputate, nisi sem semper erat, in consectetuer ipsum nunc id enim. Curabitur massa. Vestibulum accumsan neque et nunc. Quisque ornare tortor at risus. Nunc ac sem ut dolor dapibus gravida.');
Insert into CS_MSGS (ID,USER_ID,DATETIME,CONTENT) values (47,551530123,to_timestamp('16-06-12 14:07:42.517083000','RR-MM-DD HH24:MI:SSXFF'),'ligula. Aenean euismod mauris eu elit. Nulla facilisi. Sed neque. Sed');
Insert into CS_MSGS (ID,USER_ID,DATETIME,CONTENT) values (48,716264410,to_timestamp('16-06-12 14:07:42.719228000','RR-MM-DD HH24:MI:SSXFF'),'dolor. Quisque tincidunt pede ac urna. Ut tincidunt vehicula risus. Nulla eget metus eu erat semper rutrum. Fusce dolor quam, elementum at, egestas a, scelerisque sed, sapien. Nunc pulvinar arcu et pede. Nunc sed orci lobortis augue scelerisque mollis. Phasellus');
Insert into CS_MSGS (ID,USER_ID,DATETIME,CONTENT) values (49,30352832,to_timestamp('16-06-12 14:07:42.925386000','RR-MM-DD HH24:MI:SSXFF'),'est, mollis non, cursus non, egestas a, dui. Cras pellentesque. Sed dictum. Proin eget odio. Aliquam vulputate ullamcorper magna. Sed eu eros. Nam consequat dolor vitae dolor. Donec fringilla. Donec feugiat metus sit amet');
Insert into CS_MSGS (ID,USER_ID,DATETIME,CONTENT) values (50,789110754,to_timestamp('16-06-12 14:07:43.130743000','RR-MM-DD HH24:MI:SSXFF'),'urna justo faucibus lectus, a sollicitudin orci');
Insert into CS_MSGS (ID,USER_ID,DATETIME,CONTENT) values (51,486301748,to_timestamp('16-06-12 14:07:43.335371000','RR-MM-DD HH24:MI:SSXFF'),'felis eget varius ultrices, mauris ipsum porta elit, a feugiat tellus lorem eu metus. In lorem. Donec elementum, lorem ut aliquam iaculis, lacus pede');
Insert into CS_MSGS (ID,USER_ID,DATETIME,CONTENT) values (52,777664288,to_timestamp('16-06-12 14:07:43.539182000','RR-MM-DD HH24:MI:SSXFF'),'et magnis dis parturient montes, nascetur ridiculus mus. Proin vel arcu eu odio tristique pharetra. Quisque ac libero nec ligula consectetuer rhoncus.');
Insert into CS_MSGS (ID,USER_ID,DATETIME,CONTENT) values (53,716264410,to_timestamp('16-06-12 14:07:43.742341000','RR-MM-DD HH24:MI:SSXFF'),'elit. Nulla facilisi. Sed neque. Sed eget lacus.');
Insert into CS_MSGS (ID,USER_ID,DATETIME,CONTENT) values (54,574222592,to_timestamp('16-06-12 14:07:43.944768000','RR-MM-DD HH24:MI:SSXFF'),'Morbi metus. Vivamus euismod urna. Nullam lobortis quam a felis ullamcorper');
Insert into CS_MSGS (ID,USER_ID,DATETIME,CONTENT) values (55,911131203,to_timestamp('16-06-12 14:07:44.147138000','RR-MM-DD HH24:MI:SSXFF'),'tincidunt dui augue eu tellus. Phasellus elit pede, malesuada vel, venenatis vel, faucibus id, libero. Donec consectetuer mauris id sapien. Cras dolor dolor, tempus non, lacinia');
Insert into CS_MSGS (ID,USER_ID,DATETIME,CONTENT) values (56,551530123,to_timestamp('16-06-12 14:07:44.348907000','RR-MM-DD HH24:MI:SSXFF'),'tellus sem mollis dui, in sodales elit erat vitae risus. Duis a mi fringilla mi lacinia mattis. Integer eu lacus. Quisque imperdiet, erat nonummy ultricies ornare,');
Insert into CS_MSGS (ID,USER_ID,DATETIME,CONTENT) values (57,13011912,to_timestamp('16-06-12 14:07:44.551020000','RR-MM-DD HH24:MI:SSXFF'),'Duis sit amet diam eu dolor egestas rhoncus. Proin nisl sem, consequat nec, mollis vitae, posuere at, velit. Cras lorem lorem, luctus ut, pellentesque eget, dictum placerat, augue. Sed molestie. Sed id risus quis diam luctus lobortis.');
Insert into CS_MSGS (ID,USER_ID,DATETIME,CONTENT) values (58,466330133,to_timestamp('16-06-12 14:07:44.821954000','RR-MM-DD HH24:MI:SSXFF'),'eu arcu. Morbi sit amet massa. Quisque porttitor eros nec tellus. Nunc lectus pede, ultrices a,');
Insert into CS_MSGS (ID,USER_ID,DATETIME,CONTENT) values (59,164650115,to_timestamp('16-06-12 14:07:45.024210000','RR-MM-DD HH24:MI:SSXFF'),'vestibulum nec, euismod in, dolor. Fusce feugiat. Lorem ipsum dolor sit amet, consectetuer');
Insert into CS_MSGS (ID,USER_ID,DATETIME,CONTENT) values (60,576779473,to_timestamp('16-06-12 14:07:45.227018000','RR-MM-DD HH24:MI:SSXFF'),'eros nec tellus. Nunc lectus pede, ultrices a, auctor non, feugiat nec, diam. Duis mi enim, condimentum eget, volutpat ornare, facilisis eget, ipsum. Donec sollicitudin adipiscing ligula. Aenean gravida nunc sed pede. Cum sociis natoque penatibus et');
Insert into CS_MSGS (ID,USER_ID,DATETIME,CONTENT) values (61,466330133,to_timestamp('16-06-12 14:07:45.430958000','RR-MM-DD HH24:MI:SSXFF'),'Donec tempor, est ac mattis semper, dui lectus rutrum urna, nec luctus felis purus ac tellus. Suspendisse sed dolor. Fusce mi lorem, vehicula et, rutrum eu, ultrices sit');
Insert into CS_MSGS (ID,USER_ID,DATETIME,CONTENT) values (62,694174312,to_timestamp('16-06-12 14:07:45.704281000','RR-MM-DD HH24:MI:SSXFF'),'neque. Sed eget lacus. Mauris non dui nec urna suscipit nonummy. Fusce fermentum fermentum arcu. Vestibulum ante ipsum primis in faucibus orci luctus et ultrices posuere');
Insert into CS_MSGS (ID,USER_ID,DATETIME,CONTENT) values (63,529332265,to_timestamp('16-06-12 14:07:45.908424000','RR-MM-DD HH24:MI:SSXFF'),'ultrices sit amet, risus. Donec nibh enim, gravida sit amet, dapibus id, blandit at, nisi. Cum sociis natoque');
Insert into CS_MSGS (ID,USER_ID,DATETIME,CONTENT) values (64,180529738,to_timestamp('16-06-12 14:07:46.112131000','RR-MM-DD HH24:MI:SSXFF'),'risus quis diam luctus lobortis. Class aptent');
Insert into CS_MSGS (ID,USER_ID,DATETIME,CONTENT) values (65,899901892,to_timestamp('16-06-12 14:07:46.385182000','RR-MM-DD HH24:MI:SSXFF'),'quis arcu vel quam dignissim pharetra. Nam ac nulla. In tincidunt congue turpis. In condimentum. Donec at arcu. Vestibulum ante ipsum primis in faucibus orci luctus et ultrices');
Insert into CS_MSGS (ID,USER_ID,DATETIME,CONTENT) values (66,910843102,to_timestamp('16-06-12 14:07:46.640642000','RR-MM-DD HH24:MI:SSXFF'),'tellus. Suspendisse sed dolor. Fusce mi lorem, vehicula et,');
Insert into CS_MSGS (ID,USER_ID,DATETIME,CONTENT) values (67,911131203,to_timestamp('16-06-12 14:07:46.844605000','RR-MM-DD HH24:MI:SSXFF'),'quis arcu vel quam dignissim pharetra. Nam ac nulla. In tincidunt congue turpis. In condimentum. Donec at arcu. Vestibulum ante ipsum primis in faucibus orci luctus et ultrices posuere');
Insert into CS_MSGS (ID,USER_ID,DATETIME,CONTENT) values (68,789110754,to_timestamp('16-06-12 14:07:47.064621000','RR-MM-DD HH24:MI:SSXFF'),'pede. Nunc sed orci lobortis augue scelerisque');
Insert into CS_MSGS (ID,USER_ID,DATETIME,CONTENT) values (69,459335581,to_timestamp('16-06-12 14:07:47.267884000','RR-MM-DD HH24:MI:SSXFF'),'quam vel sapien imperdiet ornare. In faucibus.');
Insert into CS_MSGS (ID,USER_ID,DATETIME,CONTENT) values (70,910843102,to_timestamp('16-06-12 14:07:47.540937000','RR-MM-DD HH24:MI:SSXFF'),'natoque penatibus et magnis dis parturient montes, nascetur ridiculus mus. Donec dignissim magna a tortor. Nunc commodo auctor velit. Aliquam nisl. Nulla eu neque pellentesque massa lobortis ultrices. Vivamus rhoncus. Donec est. Nunc ullamcorper,');
Insert into CS_MSGS (ID,USER_ID,DATETIME,CONTENT) values (71,164650115,to_timestamp('16-06-12 14:07:47.812824000','RR-MM-DD HH24:MI:SSXFF'),'et ultrices posuere cubilia Curae; Phasellus ornare. Fusce mollis. Duis sit amet diam eu dolor egestas rhoncus. Proin nisl sem, consequat nec, mollis vitae, posuere at, velit. Cras lorem lorem, luctus ut, pellentesque eget, dictum placerat,');
Insert into CS_MSGS (ID,USER_ID,DATETIME,CONTENT) values (72,789110754,to_timestamp('16-06-12 14:07:48.014971000','RR-MM-DD HH24:MI:SSXFF'),'litora torquent per conubia nostra, per inceptos hymenaeos. Mauris ut quam vel sapien imperdiet ornare.');
Insert into CS_MSGS (ID,USER_ID,DATETIME,CONTENT) values (73,459335581,to_timestamp('16-06-12 14:07:48.220322000','RR-MM-DD HH24:MI:SSXFF'),'cursus, diam at pretium aliquet, metus urna convallis erat, eget tincidunt dui augue eu tellus. Phasellus elit pede, malesuada vel, venenatis vel, faucibus id,');
Insert into CS_MSGS (ID,USER_ID,DATETIME,CONTENT) values (74,899901892,to_timestamp('16-06-12 14:07:48.493258000','RR-MM-DD HH24:MI:SSXFF'),'Aliquam vulputate ullamcorper magna. Sed eu eros. Nam consequat dolor vitae dolor. Donec fringilla. Donec feugiat metus');
Insert into CS_MSGS (ID,USER_ID,DATETIME,CONTENT) values (75,529332265,to_timestamp('16-06-12 14:07:48.763250000','RR-MM-DD HH24:MI:SSXFF'),'natoque penatibus et magnis dis parturient montes, nascetur ridiculus mus. Proin vel arcu eu odio tristique pharetra. Quisque ac libero nec ligula consectetuer rhoncus. Nullam velit dui, semper et, lacinia');
Insert into CS_MSGS (ID,USER_ID,DATETIME,CONTENT) values (76,30352832,to_timestamp('16-06-12 14:07:48.969318000','RR-MM-DD HH24:MI:SSXFF'),'tristique senectus et netus et malesuada fames ac turpis egestas. Aliquam fringilla cursus purus. Nullam scelerisque neque sed');
Insert into CS_MSGS (ID,USER_ID,DATETIME,CONTENT) values (77,789110754,to_timestamp('16-06-12 14:07:49.170367000','RR-MM-DD HH24:MI:SSXFF'),'eu metus. In lorem. Donec elementum, lorem ut aliquam');
Insert into CS_MSGS (ID,USER_ID,DATETIME,CONTENT) values (78,789110754,to_timestamp('16-06-12 14:07:49.437232000','RR-MM-DD HH24:MI:SSXFF'),'neque sed dictum eleifend, nunc risus varius orci, in consequat enim diam vel arcu. Curabitur ut odio vel est tempor bibendum. Donec felis orci, adipiscing non, luctus sit amet, faucibus ut, nulla. Cras eu tellus');
Insert into CS_MSGS (ID,USER_ID,DATETIME,CONTENT) values (79,449055923,to_timestamp('16-06-12 14:07:49.709561000','RR-MM-DD HH24:MI:SSXFF'),'pharetra. Quisque ac libero nec ligula consectetuer rhoncus. Nullam velit dui, semper et,');
Insert into CS_MSGS (ID,USER_ID,DATETIME,CONTENT) values (80,466330133,to_timestamp('16-06-12 14:07:49.924831000','RR-MM-DD HH24:MI:SSXFF'),'ullamcorper eu, euismod ac, fermentum vel, mauris. Integer sem elit, pharetra ut, pharetra sed, hendrerit a, arcu. Sed et libero. Proin mi. Aliquam gravida mauris ut mi. Duis risus odio, auctor');
Insert into CS_MSGS (ID,USER_ID,DATETIME,CONTENT) values (81,910843102,to_timestamp('16-06-12 14:07:50.128806000','RR-MM-DD HH24:MI:SSXFF'),'Nulla facilisis. Suspendisse commodo tincidunt nibh. Phasellus nulla. Integer vulputate, risus a ultricies adipiscing, enim mi tempor lorem, eget mollis lectus');
Insert into CS_MSGS (ID,USER_ID,DATETIME,CONTENT) values (82,294073332,to_timestamp('16-06-12 14:07:50.344076000','RR-MM-DD HH24:MI:SSXFF'),'tellus id nunc interdum feugiat. Sed nec metus facilisis lorem tristique aliquet. Phasellus fermentum convallis ligula. Donec luctus aliquet odio. Etiam ligula tortor, dictum eu, placerat eget, venenatis a, magna. Lorem ipsum dolor sit amet,');
Insert into CS_MSGS (ID,USER_ID,DATETIME,CONTENT) values (83,551530123,to_timestamp('16-06-12 14:07:50.631740000','RR-MM-DD HH24:MI:SSXFF'),'lacus. Ut nec urna et arcu imperdiet ullamcorper. Duis at lacus. Quisque purus sapien, gravida');
Insert into CS_MSGS (ID,USER_ID,DATETIME,CONTENT) values (84,742366732,to_timestamp('16-06-12 14:07:50.835013000','RR-MM-DD HH24:MI:SSXFF'),'Nulla aliquet. Proin velit. Sed malesuada augue ut lacus. Nulla tincidunt, neque vitae semper egestas, urna justo faucibus lectus, a sollicitudin orci sem eget');
Insert into CS_MSGS (ID,USER_ID,DATETIME,CONTENT) values (85,486301748,to_timestamp('16-06-12 14:07:51.047085000','RR-MM-DD HH24:MI:SSXFF'),'risus. Nulla eget metus eu erat semper rutrum. Fusce dolor quam, elementum');
Insert into CS_MSGS (ID,USER_ID,DATETIME,CONTENT) values (86,13011912,to_timestamp('16-06-12 14:07:51.252467000','RR-MM-DD HH24:MI:SSXFF'),'Fusce mi lorem, vehicula et, rutrum eu, ultrices sit amet, risus. Donec nibh enim, gravida sit amet, dapibus id, blandit at, nisi. Cum sociis natoque penatibus et magnis dis parturient montes, nascetur ridiculus mus. Proin vel nisl. Quisque');
Insert into CS_MSGS (ID,USER_ID,DATETIME,CONTENT) values (87,13011912,to_timestamp('16-06-12 14:07:51.457367000','RR-MM-DD HH24:MI:SSXFF'),'libero. Morbi accumsan laoreet ipsum. Curabitur consequat, lectus sit amet luctus');
Insert into CS_MSGS (ID,USER_ID,DATETIME,CONTENT) values (88,574222592,to_timestamp('16-06-12 14:07:51.658577000','RR-MM-DD HH24:MI:SSXFF'),'non massa non ante bibendum ullamcorper. Duis cursus, diam at pretium aliquet, metus urna convallis erat, eget tincidunt dui augue eu tellus. Phasellus elit pede, malesuada vel, venenatis vel,');
Insert into CS_MSGS (ID,USER_ID,DATETIME,CONTENT) values (89,486301748,to_timestamp('16-06-12 14:07:51.863076000','RR-MM-DD HH24:MI:SSXFF'),'sit amet lorem semper auctor. Mauris vel');
Insert into CS_MSGS (ID,USER_ID,DATETIME,CONTENT) values (90,551530123,to_timestamp('16-06-12 14:07:52.064557000','RR-MM-DD HH24:MI:SSXFF'),'et, euismod et, commodo at, libero. Morbi accumsan laoreet ipsum. Curabitur consequat, lectus sit amet luctus vulputate, nisi sem semper erat, in consectetuer ipsum nunc id enim. Curabitur massa. Vestibulum accumsan neque et nunc. Quisque ornare tortor at risus. Nunc');
Insert into CS_MSGS (ID,USER_ID,DATETIME,CONTENT) values (91,529332265,to_timestamp('16-06-12 14:07:52.266332000','RR-MM-DD HH24:MI:SSXFF'),'arcu. Aliquam ultrices iaculis odio. Nam interdum enim non nisi. Aenean');
Insert into CS_MSGS (ID,USER_ID,DATETIME,CONTENT) values (92,551530123,to_timestamp('16-06-12 14:07:52.472718000','RR-MM-DD HH24:MI:SSXFF'),'molestie tellus. Aenean egestas hendrerit neque. In ornare sagittis felis. Donec tempor, est ac mattis semper, dui lectus rutrum urna, nec luctus felis purus ac tellus. Suspendisse sed dolor. Fusce mi lorem, vehicula et, rutrum eu, ultrices');
Insert into CS_MSGS (ID,USER_ID,DATETIME,CONTENT) values (93,180529738,to_timestamp('16-06-12 14:07:52.676997000','RR-MM-DD HH24:MI:SSXFF'),'tellus sem mollis dui, in sodales elit erat vitae risus. Duis a mi fringilla mi lacinia mattis. Integer eu lacus. Quisque imperdiet, erat nonummy ultricies ornare, elit elit fermentum risus, at fringilla');
Insert into CS_MSGS (ID,USER_ID,DATETIME,CONTENT) values (94,963042884,to_timestamp('16-06-12 14:07:52.878073000','RR-MM-DD HH24:MI:SSXFF'),'turpis. In condimentum. Donec at arcu. Vestibulum ante ipsum primis in faucibus orci luctus et ultrices posuere cubilia Curae; Donec tincidunt. Donec vitae erat vel pede blandit congue. In scelerisque scelerisque dui. Suspendisse');
Insert into CS_MSGS (ID,USER_ID,DATETIME,CONTENT) values (95,574222592,to_timestamp('16-06-12 14:07:53.077812000','RR-MM-DD HH24:MI:SSXFF'),'Cras eget nisi dictum augue malesuada malesuada. Integer id magna et ipsum cursus vestibulum. Mauris magna. Duis dignissim tempor arcu. Vestibulum');
Insert into CS_MSGS (ID,USER_ID,DATETIME,CONTENT) values (96,486301748,to_timestamp('16-06-12 14:07:53.270267000','RR-MM-DD HH24:MI:SSXFF'),'ipsum. Donec sollicitudin adipiscing ligula. Aenean gravida nunc sed pede. Cum sociis natoque penatibus et magnis dis parturient montes, nascetur ridiculus mus. Proin vel arcu eu odio tristique pharetra. Quisque ac libero nec ligula');
Insert into CS_MSGS (ID,USER_ID,DATETIME,CONTENT) values (97,449055923,to_timestamp('16-06-12 14:07:53.464607000','RR-MM-DD HH24:MI:SSXFF'),'sem eget massa. Suspendisse eleifend. Cras sed leo. Cras vehicula aliquet libero. Integer in magna. Phasellus dolor elit, pellentesque a, facilisis non, bibendum sed, est. Nunc laoreet');
Insert into CS_MSGS (ID,USER_ID,DATETIME,CONTENT) values (98,789110754,to_timestamp('16-06-12 14:07:53.657947000','RR-MM-DD HH24:MI:SSXFF'),'Fusce fermentum fermentum arcu. Vestibulum ante ipsum primis in');
Insert into CS_MSGS (ID,USER_ID,DATETIME,CONTENT) values (99,459335581,to_timestamp('16-06-12 14:07:53.848551000','RR-MM-DD HH24:MI:SSXFF'),'Duis dignissim tempor arcu. Vestibulum ut eros non enim commodo hendrerit. Donec porttitor tellus non magna. Nam ligula elit, pretium et, rutrum non, hendrerit id, ante. Nunc mauris sapien, cursus in, hendrerit consectetuer, cursus et, magna. Praesent interdum');
Insert into CS_MSGS (ID,USER_ID,DATETIME,CONTENT) values (100,742366732,to_timestamp('16-06-12 14:07:54.040487000','RR-MM-DD HH24:MI:SSXFF'),'consequat dolor vitae dolor. Donec fringilla. Donec feugiat');
Insert into CS_MSGS (ID,USER_ID,DATETIME,CONTENT) values (101,13011912,to_timestamp('16-06-12 14:07:54.234853000','RR-MM-DD HH24:MI:SSXFF'),'Suspendisse aliquet, sem ut cursus luctus, ipsum leo elementum sem, vitae aliquam eros turpis non enim. Mauris quis turpis vitae purus gravida sagittis. Duis gravida. Praesent eu nulla at sem molestie sodales. Mauris blandit enim consequat purus.');
Insert into CS_MSGS (ID,USER_ID,DATETIME,CONTENT) values (102,777664288,to_timestamp('16-06-12 14:07:54.431700000','RR-MM-DD HH24:MI:SSXFF'),'ut odio vel est tempor bibendum. Donec felis orci, adipiscing non,');
Insert into CS_MSGS (ID,USER_ID,DATETIME,CONTENT) values (103,911131203,to_timestamp('16-06-12 14:07:54.629936000','RR-MM-DD HH24:MI:SSXFF'),'nec quam. Curabitur vel lectus. Cum sociis natoque penatibus et magnis dis parturient montes, nascetur ridiculus mus. Donec dignissim magna a tortor. Nunc commodo auctor velit. Aliquam nisl. Nulla eu neque pellentesque massa');
Insert into CS_MSGS (ID,USER_ID,DATETIME,CONTENT) values (104,742366732,to_timestamp('16-06-12 14:07:54.832061000','RR-MM-DD HH24:MI:SSXFF'),'elit, pellentesque a, facilisis non, bibendum sed, est. Nunc laoreet lectus quis massa. Mauris vestibulum, neque sed dictum eleifend, nunc risus');
Insert into CS_MSGS (ID,USER_ID,DATETIME,CONTENT) values (105,449055923,to_timestamp('16-06-12 14:07:55.032303000','RR-MM-DD HH24:MI:SSXFF'),'diam lorem, auctor quis, tristique ac, eleifend vitae, erat. Vivamus');
Insert into CS_MSGS (ID,USER_ID,DATETIME,CONTENT) values (106,449055923,to_timestamp('16-06-12 14:07:55.232904000','RR-MM-DD HH24:MI:SSXFF'),'risus varius orci, in consequat enim diam vel arcu. Curabitur ut odio vel est');
Insert into CS_MSGS (ID,USER_ID,DATETIME,CONTENT) values (107,30352832,to_timestamp('16-06-12 14:07:55.433580000','RR-MM-DD HH24:MI:SSXFF'),'rutrum. Fusce dolor quam, elementum at, egestas a, scelerisque sed, sapien. Nunc pulvinar arcu et pede. Nunc sed orci lobortis augue scelerisque mollis. Phasellus libero mauris, aliquam eu, accumsan');
Insert into CS_MSGS (ID,USER_ID,DATETIME,CONTENT) values (108,653254411,to_timestamp('16-06-12 14:07:55.635648000','RR-MM-DD HH24:MI:SSXFF'),'aliquet. Proin velit. Sed malesuada augue ut lacus. Nulla tincidunt, neque vitae semper egestas, urna justo faucibus lectus, a sollicitudin orci sem eget massa. Suspendisse');
Insert into CS_MSGS (ID,USER_ID,DATETIME,CONTENT) values (109,529332265,to_timestamp('16-06-12 14:07:55.858314000','RR-MM-DD HH24:MI:SSXFF'),'rutrum, justo. Praesent luctus. Curabitur egestas nunc sed libero. Proin sed turpis nec mauris blandit mattis. Cras eget nisi dictum augue malesuada malesuada. Integer id magna et');
Insert into CS_MSGS (ID,USER_ID,DATETIME,CONTENT) values (110,13011912,to_timestamp('16-06-12 14:07:56.059385000','RR-MM-DD HH24:MI:SSXFF'),'a sollicitudin orci sem eget massa. Suspendisse eleifend. Cras sed leo. Cras');
Insert into CS_MSGS (ID,USER_ID,DATETIME,CONTENT) values (111,574222592,to_timestamp('16-06-12 14:07:56.262050000','RR-MM-DD HH24:MI:SSXFF'),'In lorem. Donec elementum, lorem ut aliquam iaculis, lacus pede sagittis augue, eu tempor erat neque non quam. Pellentesque habitant morbi');
Insert into CS_MSGS (ID,USER_ID,DATETIME,CONTENT) values (112,911131203,to_timestamp('16-06-12 14:07:56.463889000','RR-MM-DD HH24:MI:SSXFF'),'in faucibus orci luctus et ultrices posuere cubilia Curae; Phasellus ornare. Fusce mollis. Duis sit amet diam eu dolor egestas rhoncus. Proin nisl sem, consequat nec,');
Insert into CS_MSGS (ID,USER_ID,DATETIME,CONTENT) values (113,963042884,to_timestamp('16-06-12 14:07:56.665135000','RR-MM-DD HH24:MI:SSXFF'),'diam vel arcu. Curabitur ut odio vel est tempor bibendum. Donec felis orci, adipiscing non, luctus sit amet, faucibus ut, nulla. Cras eu tellus eu augue porttitor interdum. Sed auctor odio a');
Insert into CS_MSGS (ID,USER_ID,DATETIME,CONTENT) values (114,963042884,to_timestamp('16-06-12 14:07:56.869799000','RR-MM-DD HH24:MI:SSXFF'),'ad litora torquent per conubia nostra, per inceptos hymenaeos. Mauris ut quam vel sapien imperdiet ornare. In faucibus. Morbi');
Insert into CS_MSGS (ID,USER_ID,DATETIME,CONTENT) values (115,164650115,to_timestamp('16-06-12 14:07:57.070619000','RR-MM-DD HH24:MI:SSXFF'),'ac mattis ornare, lectus ante dictum mi, ac mattis velit justo nec ante. Maecenas mi felis, adipiscing fringilla, porttitor vulputate, posuere vulputate, lacus. Cras interdum. Nunc sollicitudin commodo ipsum. Suspendisse non leo. Vivamus nibh dolor, nonummy ac, feugiat non,');
Insert into CS_MSGS (ID,USER_ID,DATETIME,CONTENT) values (116,529332265,to_timestamp('16-06-12 14:07:57.271366000','RR-MM-DD HH24:MI:SSXFF'),'Mauris nulla. Integer urna. Vivamus molestie dapibus ligula. Aliquam erat volutpat. Nulla dignissim. Maecenas ornare egestas ligula. Nullam feugiat placerat velit. Quisque varius. Nam porttitor scelerisque neque. Nullam');
Insert into CS_MSGS (ID,USER_ID,DATETIME,CONTENT) values (117,466330133,to_timestamp('16-06-12 14:07:57.473532000','RR-MM-DD HH24:MI:SSXFF'),'sem magna nec quam. Curabitur vel lectus. Cum sociis natoque penatibus et magnis dis parturient montes, nascetur ridiculus mus. Donec dignissim magna a tortor. Nunc commodo auctor velit. Aliquam nisl. Nulla eu neque pellentesque massa lobortis ultrices. Vivamus rhoncus. Donec');
Insert into CS_MSGS (ID,USER_ID,DATETIME,CONTENT) values (118,910843102,to_timestamp('16-06-12 14:07:57.672622000','RR-MM-DD HH24:MI:SSXFF'),'sodales at, velit. Pellentesque ultricies dignissim lacus. Aliquam rutrum lorem ac risus. Morbi metus. Vivamus euismod urna. Nullam lobortis quam a felis ullamcorper viverra. Maecenas iaculis aliquet diam. Sed diam lorem, auctor quis, tristique ac, eleifend vitae, erat. Vivamus');
Insert into CS_MSGS (ID,USER_ID,DATETIME,CONTENT) values (119,551530123,to_timestamp('16-06-12 14:07:57.872367000','RR-MM-DD HH24:MI:SSXFF'),'parturient montes, nascetur ridiculus mus. Aenean eget magna. Suspendisse tristique neque venenatis lacus. Etiam bibendum fermentum metus. Aenean sed pede nec ante blandit viverra. Donec');
Insert into CS_MSGS (ID,USER_ID,DATETIME,CONTENT) values (120,694174312,to_timestamp('16-06-12 14:07:58.075355000','RR-MM-DD HH24:MI:SSXFF'),'dignissim magna a tortor. Nunc commodo auctor velit. Aliquam nisl. Nulla eu neque pellentesque massa lobortis ultrices. Vivamus rhoncus. Donec est. Nunc ullamcorper, velit in');
Insert into CS_MSGS (ID,USER_ID,DATETIME,CONTENT) values (121,466330133,to_timestamp('16-06-12 14:07:58.281228000','RR-MM-DD HH24:MI:SSXFF'),'urna. Ut tincidunt vehicula risus. Nulla eget metus eu erat semper rutrum. Fusce dolor quam, elementum at, egestas a, scelerisque sed, sapien. Nunc pulvinar arcu et pede. Nunc sed orci lobortis augue scelerisque mollis. Phasellus libero');
Insert into CS_MSGS (ID,USER_ID,DATETIME,CONTENT) values (122,180529738,to_timestamp('16-06-12 14:07:58.483363000','RR-MM-DD HH24:MI:SSXFF'),'felis. Nulla tempor augue ac ipsum. Phasellus vitae mauris sit amet lorem semper auctor.');
Insert into CS_MSGS (ID,USER_ID,DATETIME,CONTENT) values (123,13011912,to_timestamp('16-06-12 14:07:58.688071000','RR-MM-DD HH24:MI:SSXFF'),'montes, nascetur ridiculus mus. Aenean eget magna. Suspendisse tristique neque venenatis lacus. Etiam bibendum');
Insert into CS_MSGS (ID,USER_ID,DATETIME,CONTENT) values (124,653254411,to_timestamp('16-06-12 14:07:58.888331000','RR-MM-DD HH24:MI:SSXFF'),'magna sed dui. Fusce aliquam, enim nec tempus scelerisque, lorem ipsum sodales purus, in molestie tortor nibh sit amet orci. Ut sagittis lobortis mauris. Suspendisse aliquet molestie tellus. Aenean egestas hendrerit neque. In ornare sagittis felis. Donec tempor, est');
Insert into CS_MSGS (ID,USER_ID,DATETIME,CONTENT) values (125,13011912,to_timestamp('16-06-12 14:07:59.096163000','RR-MM-DD HH24:MI:SSXFF'),'augue malesuada malesuada. Integer id magna et ipsum cursus vestibulum. Mauris magna. Duis dignissim tempor arcu. Vestibulum ut eros');
Insert into CS_MSGS (ID,USER_ID,DATETIME,CONTENT) values (126,963042884,to_timestamp('16-06-12 14:07:59.295781000','RR-MM-DD HH24:MI:SSXFF'),'mauris, aliquam eu, accumsan sed, facilisis vitae, orci. Phasellus dapibus quam quis diam.');
Insert into CS_MSGS (ID,USER_ID,DATETIME,CONTENT) values (127,576779473,to_timestamp('16-06-12 14:07:59.497212000','RR-MM-DD HH24:MI:SSXFF'),'Integer vulputate, risus a ultricies adipiscing, enim mi tempor lorem, eget mollis');
Insert into CS_MSGS (ID,USER_ID,DATETIME,CONTENT) values (128,576779473,to_timestamp('16-06-12 14:07:59.709211000','RR-MM-DD HH24:MI:SSXFF'),'egestas. Sed pharetra, felis eget varius ultrices, mauris ipsum porta elit, a feugiat tellus lorem eu metus. In lorem. Donec elementum, lorem ut aliquam');
Insert into CS_MSGS (ID,USER_ID,DATETIME,CONTENT) values (129,789110754,to_timestamp('16-06-12 14:07:59.908348000','RR-MM-DD HH24:MI:SSXFF'),'Quisque varius. Nam porttitor scelerisque neque. Nullam nisl. Maecenas malesuada fringilla est. Mauris eu turpis. Nulla aliquet.');
Insert into CS_MSGS (ID,USER_ID,DATETIME,CONTENT) values (130,180529738,to_timestamp('16-06-12 14:08:00.114206000','RR-MM-DD HH24:MI:SSXFF'),'est. Nunc ullamcorper, velit in aliquet lobortis, nisi nibh lacinia orci, consectetuer euismod est arcu ac orci. Ut semper pretium neque. Morbi quis urna. Nunc quis arcu vel quam dignissim');
Insert into CS_MSGS (ID,USER_ID,DATETIME,CONTENT) values (131,899901892,to_timestamp('16-06-12 14:08:00.313896000','RR-MM-DD HH24:MI:SSXFF'),'scelerisque neque sed sem egestas blandit. Nam nulla magna, malesuada vel, convallis in, cursus et, eros. Proin ultrices. Duis volutpat nunc sit amet');
Insert into CS_MSGS (ID,USER_ID,DATETIME,CONTENT) values (132,466330133,to_timestamp('16-06-12 14:08:00.513053000','RR-MM-DD HH24:MI:SSXFF'),'ut lacus. Nulla tincidunt, neque vitae semper egestas, urna justo faucibus');
Insert into CS_MSGS (ID,USER_ID,DATETIME,CONTENT) values (133,789110754,to_timestamp('16-06-12 14:08:00.711873000','RR-MM-DD HH24:MI:SSXFF'),'Duis dignissim tempor arcu. Vestibulum ut eros non enim commodo');
Insert into CS_MSGS (ID,USER_ID,DATETIME,CONTENT) values (134,899901892,to_timestamp('16-06-12 14:08:00.913075000','RR-MM-DD HH24:MI:SSXFF'),'lorem, vehicula et, rutrum eu, ultrices sit amet, risus. Donec nibh enim, gravida sit amet, dapibus id, blandit at, nisi. Cum sociis natoque penatibus et magnis dis parturient montes, nascetur ridiculus mus. Proin vel nisl. Quisque fringilla');
Insert into CS_MSGS (ID,USER_ID,DATETIME,CONTENT) values (135,694174312,to_timestamp('16-06-12 14:08:01.113100000','RR-MM-DD HH24:MI:SSXFF'),'dolor dolor, tempus non, lacinia at, iaculis quis, pede. Praesent eu dui. Cum sociis natoque penatibus et magnis dis parturient montes, nascetur ridiculus mus. Aenean eget magna. Suspendisse tristique neque venenatis lacus. Etiam bibendum fermentum metus. Aenean');
Insert into CS_MSGS (ID,USER_ID,DATETIME,CONTENT) values (136,901881543,to_timestamp('16-06-12 14:08:01.313325000','RR-MM-DD HH24:MI:SSXFF'),'neque venenatis lacus. Etiam bibendum fermentum metus. Aenean sed pede nec ante blandit viverra. Donec tempus, lorem fringilla ornare placerat, orci lacus vestibulum lorem, sit amet ultricies sem magna nec quam. Curabitur vel lectus. Cum sociis');
Insert into CS_MSGS (ID,USER_ID,DATETIME,CONTENT) values (137,653254411,to_timestamp('16-06-12 14:08:01.514356000','RR-MM-DD HH24:MI:SSXFF'),'Sed pharetra, felis eget varius ultrices, mauris ipsum porta');
Insert into CS_MSGS (ID,USER_ID,DATETIME,CONTENT) values (138,466330133,to_timestamp('16-06-12 14:08:01.716666000','RR-MM-DD HH24:MI:SSXFF'),'Fusce dolor quam, elementum at, egestas a, scelerisque sed, sapien. Nunc');
Insert into CS_MSGS (ID,USER_ID,DATETIME,CONTENT) values (139,901881543,to_timestamp('16-06-12 14:08:01.916350000','RR-MM-DD HH24:MI:SSXFF'),'fermentum fermentum arcu. Vestibulum ante ipsum primis in faucibus orci luctus et ultrices posuere cubilia Curae; Phasellus');
Insert into CS_MSGS (ID,USER_ID,DATETIME,CONTENT) values (140,910843102,to_timestamp('16-06-12 14:08:02.124494000','RR-MM-DD HH24:MI:SSXFF'),'venenatis vel, faucibus id, libero. Donec consectetuer mauris id sapien. Cras dolor dolor, tempus non, lacinia at,');
Insert into CS_MSGS (ID,USER_ID,DATETIME,CONTENT) values (141,13011912,to_timestamp('16-06-12 14:08:02.325003000','RR-MM-DD HH24:MI:SSXFF'),'dui nec urna suscipit nonummy. Fusce fermentum fermentum arcu. Vestibulum ante ipsum primis');
Insert into CS_MSGS (ID,USER_ID,DATETIME,CONTENT) values (142,180529738,to_timestamp('16-06-12 14:08:02.525216000','RR-MM-DD HH24:MI:SSXFF'),'diam. Proin dolor. Nulla semper tellus id nunc interdum feugiat. Sed nec metus facilisis lorem tristique aliquet. Phasellus fermentum convallis ligula. Donec luctus aliquet odio. Etiam ligula tortor, dictum eu, placerat eget, venenatis a, magna. Lorem');
Insert into CS_MSGS (ID,USER_ID,DATETIME,CONTENT) values (143,13011912,to_timestamp('16-06-12 14:08:02.741943000','RR-MM-DD HH24:MI:SSXFF'),'urna. Vivamus molestie dapibus ligula. Aliquam erat volutpat. Nulla dignissim. Maecenas ornare egestas ligula. Nullam feugiat placerat velit. Quisque varius. Nam porttitor scelerisque neque. Nullam nisl. Maecenas malesuada fringilla est.');
Insert into CS_MSGS (ID,USER_ID,DATETIME,CONTENT) values (144,911131203,to_timestamp('16-06-12 14:08:02.942785000','RR-MM-DD HH24:MI:SSXFF'),'aliquet, sem ut cursus luctus, ipsum leo elementum sem, vitae aliquam eros turpis non enim. Mauris quis turpis vitae purus gravida sagittis. Duis gravida. Praesent eu nulla at sem molestie sodales. Mauris blandit enim consequat purus. Maecenas libero est, congue');
Insert into CS_MSGS (ID,USER_ID,DATETIME,CONTENT) values (145,486301748,to_timestamp('16-06-12 14:08:03.141857000','RR-MM-DD HH24:MI:SSXFF'),'leo. Morbi neque tellus, imperdiet non, vestibulum nec, euismod in, dolor. Fusce feugiat. Lorem ipsum dolor sit amet, consectetuer adipiscing');
Insert into CS_MSGS (ID,USER_ID,DATETIME,CONTENT) values (146,777664288,to_timestamp('16-06-12 14:08:03.344860000','RR-MM-DD HH24:MI:SSXFF'),'Etiam imperdiet dictum magna. Ut tincidunt orci quis lectus. Nullam suscipit, est ac facilisis facilisis,');
Insert into CS_MSGS (ID,USER_ID,DATETIME,CONTENT) values (147,910843102,to_timestamp('16-06-12 14:08:03.548504000','RR-MM-DD HH24:MI:SSXFF'),'feugiat non, lobortis quis, pede. Suspendisse dui. Fusce diam nunc, ullamcorper eu, euismod ac, fermentum vel, mauris. Integer sem elit, pharetra ut, pharetra');
Insert into CS_MSGS (ID,USER_ID,DATETIME,CONTENT) values (148,789110754,to_timestamp('16-06-12 14:08:03.749411000','RR-MM-DD HH24:MI:SSXFF'),'mi fringilla mi lacinia mattis. Integer eu lacus. Quisque imperdiet, erat nonummy ultricies ornare, elit elit fermentum risus, at fringilla purus mauris a nunc. In at pede. Cras vulputate velit eu sem. Pellentesque ut ipsum ac mi');
Insert into CS_MSGS (ID,USER_ID,DATETIME,CONTENT) values (149,574222592,to_timestamp('16-06-12 14:08:03.949176000','RR-MM-DD HH24:MI:SSXFF'),'Mauris blandit enim consequat purus. Maecenas libero est, congue a, aliquet vel,');
Insert into CS_MSGS (ID,USER_ID,DATETIME,CONTENT) values (150,777664288,to_timestamp('16-06-12 14:08:04.148627000','RR-MM-DD HH24:MI:SSXFF'),'dolor, nonummy ac, feugiat non, lobortis quis, pede. Suspendisse dui. Fusce diam nunc, ullamcorper eu, euismod ac, fermentum vel, mauris. Integer');
Insert into CS_MSGS (ID,USER_ID,DATETIME,CONTENT) values (151,653254411,to_timestamp('16-06-12 14:08:04.348571000','RR-MM-DD HH24:MI:SSXFF'),'Donec luctus aliquet odio. Etiam ligula tortor, dictum eu, placerat eget, venenatis a, magna. Lorem ipsum dolor sit amet, consectetuer adipiscing elit. Etiam laoreet, libero et tristique');
Insert into CS_MSGS (ID,USER_ID,DATETIME,CONTENT) values (152,13011912,to_timestamp('16-06-12 14:08:04.550017000','RR-MM-DD HH24:MI:SSXFF'),'mi. Aliquam gravida mauris ut mi. Duis risus odio, auctor vitae, aliquet nec, imperdiet nec, leo. Morbi neque tellus, imperdiet non, vestibulum nec, euismod in, dolor. Fusce feugiat. Lorem ipsum dolor sit amet,');
Insert into CS_MSGS (ID,USER_ID,DATETIME,CONTENT) values (153,551530123,to_timestamp('16-06-12 14:08:04.749293000','RR-MM-DD HH24:MI:SSXFF'),'purus, in molestie tortor nibh sit amet orci. Ut sagittis lobortis mauris. Suspendisse aliquet molestie tellus. Aenean egestas hendrerit neque. In');
Insert into CS_MSGS (ID,USER_ID,DATETIME,CONTENT) values (154,459335581,to_timestamp('16-06-12 14:08:04.948660000','RR-MM-DD HH24:MI:SSXFF'),'Nulla tempor augue ac ipsum. Phasellus vitae mauris sit amet lorem semper auctor. Mauris vel turpis. Aliquam adipiscing lobortis risus. In mi pede,');
Insert into CS_MSGS (ID,USER_ID,DATETIME,CONTENT) values (155,789110754,to_timestamp('16-06-12 14:08:05.147197000','RR-MM-DD HH24:MI:SSXFF'),'ipsum sodales purus, in molestie tortor nibh sit amet orci. Ut sagittis lobortis mauris. Suspendisse aliquet molestie tellus. Aenean egestas hendrerit neque. In ornare sagittis felis. Donec tempor, est ac mattis');
Insert into CS_MSGS (ID,USER_ID,DATETIME,CONTENT) values (156,777664288,to_timestamp('16-06-12 14:08:05.346995000','RR-MM-DD HH24:MI:SSXFF'),'eros non enim commodo hendrerit. Donec porttitor tellus non magna. Nam ligula elit, pretium et, rutrum non, hendrerit id, ante. Nunc mauris sapien, cursus in, hendrerit consectetuer,');
Insert into CS_MSGS (ID,USER_ID,DATETIME,CONTENT) values (157,901881543,to_timestamp('16-06-12 14:08:05.547778000','RR-MM-DD HH24:MI:SSXFF'),'massa rutrum magna. Cras convallis convallis dolor. Quisque tincidunt pede');
Insert into CS_MSGS (ID,USER_ID,DATETIME,CONTENT) values (158,551530123,to_timestamp('16-06-12 14:08:05.745843000','RR-MM-DD HH24:MI:SSXFF'),'tellus, imperdiet non, vestibulum nec, euismod in, dolor. Fusce feugiat. Lorem ipsum dolor sit amet, consectetuer adipiscing elit. Aliquam auctor, velit eget laoreet posuere, enim nisl elementum purus, accumsan interdum libero dui');
Insert into CS_MSGS (ID,USER_ID,DATETIME,CONTENT) values (159,13011912,to_timestamp('16-06-12 14:08:05.992428000','RR-MM-DD HH24:MI:SSXFF'),'ut, sem. Nulla interdum. Curabitur dictum. Phasellus in felis. Nulla tempor augue ac ipsum. Phasellus vitae mauris sit amet lorem semper auctor. Mauris vel turpis. Aliquam adipiscing lobortis risus. In mi pede, nonummy ut, molestie in, tempus eu, ligula. Aenean');
Insert into CS_MSGS (ID,USER_ID,DATETIME,CONTENT) values (160,574222592,to_timestamp('16-06-12 14:08:06.191841000','RR-MM-DD HH24:MI:SSXFF'),'eget tincidunt dui augue eu tellus. Phasellus elit pede, malesuada vel, venenatis vel, faucibus id, libero.');
Insert into CS_MSGS (ID,USER_ID,DATETIME,CONTENT) values (161,742366732,to_timestamp('16-06-12 14:08:06.392709000','RR-MM-DD HH24:MI:SSXFF'),'dis parturient montes, nascetur ridiculus mus. Proin vel nisl. Quisque fringilla euismod enim. Etiam gravida molestie arcu. Sed eu nibh vulputate mauris sagittis placerat. Cras dictum ultricies ligula. Nullam enim.');
Insert into CS_MSGS (ID,USER_ID,DATETIME,CONTENT) values (162,694174312,to_timestamp('16-06-12 14:08:06.595541000','RR-MM-DD HH24:MI:SSXFF'),'lorem semper auctor. Mauris vel turpis. Aliquam adipiscing lobortis risus.');
Insert into CS_MSGS (ID,USER_ID,DATETIME,CONTENT) values (163,901881543,to_timestamp('16-06-12 14:08:06.796842000','RR-MM-DD HH24:MI:SSXFF'),'arcu vel quam dignissim pharetra. Nam ac nulla. In tincidunt congue turpis. In condimentum. Donec at arcu.');
Insert into CS_MSGS (ID,USER_ID,DATETIME,CONTENT) values (164,963042884,to_timestamp('16-06-12 14:08:06.996040000','RR-MM-DD HH24:MI:SSXFF'),'ipsum. Curabitur consequat, lectus sit amet luctus vulputate,');
Insert into CS_MSGS (ID,USER_ID,DATETIME,CONTENT) values (165,449055923,to_timestamp('16-06-12 14:08:07.199944000','RR-MM-DD HH24:MI:SSXFF'),'dolor vitae dolor. Donec fringilla. Donec feugiat metus sit amet ante. Vivamus non lorem vitae odio sagittis');
Insert into CS_MSGS (ID,USER_ID,DATETIME,CONTENT) values (166,789110754,to_timestamp('16-06-12 14:08:07.398843000','RR-MM-DD HH24:MI:SSXFF'),'vel pede blandit congue. In scelerisque scelerisque dui. Suspendisse ac metus vitae velit egestas lacinia. Sed congue, elit sed consequat auctor, nunc nulla vulputate dui, nec tempus mauris erat eget ipsum.');
Insert into CS_MSGS (ID,USER_ID,DATETIME,CONTENT) values (167,574222592,to_timestamp('16-06-12 14:08:07.610967000','RR-MM-DD HH24:MI:SSXFF'),'erat. Vivamus nisi. Mauris nulla. Integer urna. Vivamus molestie dapibus ligula. Aliquam erat volutpat. Nulla dignissim. Maecenas ornare egestas ligula. Nullam feugiat placerat velit. Quisque varius. Nam porttitor scelerisque neque. Nullam nisl. Maecenas malesuada fringilla est. Mauris eu turpis. Nulla');
Insert into CS_MSGS (ID,USER_ID,DATETIME,CONTENT) values (168,13011912,to_timestamp('16-06-12 14:08:07.811156000','RR-MM-DD HH24:MI:SSXFF'),'adipiscing lobortis risus. In mi pede, nonummy ut, molestie in, tempus eu, ligula. Aenean euismod mauris eu elit. Nulla facilisi. Sed neque. Sed eget lacus. Mauris non dui nec urna suscipit nonummy.');
Insert into CS_MSGS (ID,USER_ID,DATETIME,CONTENT) values (169,963042884,to_timestamp('16-06-12 14:08:08.011008000','RR-MM-DD HH24:MI:SSXFF'),'pulvinar arcu et pede. Nunc sed orci lobortis augue scelerisque mollis. Phasellus libero mauris, aliquam eu, accumsan sed, facilisis vitae, orci. Phasellus dapibus');
Insert into CS_MSGS (ID,USER_ID,DATETIME,CONTENT) values (170,459335581,to_timestamp('16-06-12 14:08:08.210572000','RR-MM-DD HH24:MI:SSXFF'),'risus a ultricies adipiscing, enim mi tempor lorem, eget mollis lectus pede et risus.');
Insert into CS_MSGS (ID,USER_ID,DATETIME,CONTENT) values (171,901881543,to_timestamp('16-06-12 14:08:08.423737000','RR-MM-DD HH24:MI:SSXFF'),'mauris sit amet lorem semper auctor. Mauris vel turpis. Aliquam adipiscing lobortis risus.');
Insert into CS_MSGS (ID,USER_ID,DATETIME,CONTENT) values (172,30352832,to_timestamp('16-06-12 14:08:08.625916000','RR-MM-DD HH24:MI:SSXFF'),'sem. Pellentesque ut ipsum ac mi eleifend egestas. Sed pharetra, felis eget varius ultrices, mauris ipsum porta elit, a feugiat tellus lorem eu metus. In lorem. Donec elementum, lorem ut aliquam iaculis, lacus pede');
Insert into CS_MSGS (ID,USER_ID,DATETIME,CONTENT) values (173,963042884,to_timestamp('16-06-12 14:08:08.826983000','RR-MM-DD HH24:MI:SSXFF'),'Mauris nulla. Integer urna. Vivamus molestie dapibus ligula. Aliquam erat volutpat. Nulla dignissim. Maecenas ornare egestas ligula. Nullam feugiat placerat velit. Quisque varius. Nam porttitor scelerisque neque. Nullam nisl. Maecenas malesuada fringilla');
Insert into CS_MSGS (ID,USER_ID,DATETIME,CONTENT) values (174,294073332,to_timestamp('16-06-12 14:08:09.029713000','RR-MM-DD HH24:MI:SSXFF'),'nibh. Aliquam ornare, libero at auctor ullamcorper, nisl arcu iaculis enim, sit amet ornare lectus justo eu arcu.');
Insert into CS_MSGS (ID,USER_ID,DATETIME,CONTENT) values (175,963042884,to_timestamp('16-06-12 14:08:09.232211000','RR-MM-DD HH24:MI:SSXFF'),'placerat, orci lacus vestibulum lorem, sit amet ultricies sem magna nec quam. Curabitur vel lectus. Cum sociis natoque penatibus et magnis dis parturient montes, nascetur ridiculus mus. Donec dignissim magna a tortor. Nunc commodo auctor velit.');
Insert into CS_MSGS (ID,USER_ID,DATETIME,CONTENT) values (176,164650115,to_timestamp('16-06-12 14:08:09.432469000','RR-MM-DD HH24:MI:SSXFF'),'felis eget varius ultrices, mauris ipsum porta elit, a feugiat tellus lorem eu metus. In lorem. Donec elementum, lorem ut aliquam iaculis, lacus pede');
Insert into CS_MSGS (ID,USER_ID,DATETIME,CONTENT) values (177,911131203,to_timestamp('16-06-12 14:08:09.633567000','RR-MM-DD HH24:MI:SSXFF'),'Morbi accumsan laoreet ipsum. Curabitur consequat, lectus sit');
Insert into CS_MSGS (ID,USER_ID,DATETIME,CONTENT) values (178,213610313,to_timestamp('16-06-12 14:08:09.834782000','RR-MM-DD HH24:MI:SSXFF'),'laoreet lectus quis massa. Mauris vestibulum, neque sed dictum eleifend, nunc');
Insert into CS_MSGS (ID,USER_ID,DATETIME,CONTENT) values (179,789110754,to_timestamp('16-06-12 14:08:10.036512000','RR-MM-DD HH24:MI:SSXFF'),'vestibulum massa rutrum magna. Cras convallis convallis dolor. Quisque tincidunt pede ac urna. Ut tincidunt vehicula risus. Nulla eget metus eu erat semper rutrum. Fusce dolor quam, elementum at, egestas a, scelerisque');
Insert into CS_MSGS (ID,USER_ID,DATETIME,CONTENT) values (180,963042884,to_timestamp('16-06-12 14:08:10.237930000','RR-MM-DD HH24:MI:SSXFF'),'vitae semper egestas, urna justo faucibus lectus, a sollicitudin orci sem eget massa. Suspendisse eleifend. Cras sed leo. Cras vehicula aliquet libero. Integer in magna. Phasellus');
Insert into CS_MSGS (ID,USER_ID,DATETIME,CONTENT) values (181,180529738,to_timestamp('16-06-12 14:08:10.441742000','RR-MM-DD HH24:MI:SSXFF'),'tristique pharetra. Quisque ac libero nec ligula consectetuer rhoncus.');
Insert into CS_MSGS (ID,USER_ID,DATETIME,CONTENT) values (182,459335581,to_timestamp('16-06-12 14:08:10.643647000','RR-MM-DD HH24:MI:SSXFF'),'Nulla eu neque pellentesque massa lobortis ultrices. Vivamus rhoncus. Donec est. Nunc ullamcorper, velit in aliquet lobortis, nisi nibh lacinia orci, consectetuer euismod est arcu ac orci. Ut semper pretium neque. Morbi quis urna. Nunc');
Insert into CS_MSGS (ID,USER_ID,DATETIME,CONTENT) values (183,653254411,to_timestamp('16-06-12 14:08:10.842722000','RR-MM-DD HH24:MI:SSXFF'),'aliquet lobortis, nisi nibh lacinia orci, consectetuer euismod est arcu ac orci. Ut semper pretium neque. Morbi quis urna. Nunc quis arcu vel quam dignissim pharetra.');
Insert into CS_MSGS (ID,USER_ID,DATETIME,CONTENT) values (184,486301748,to_timestamp('16-06-12 14:08:11.041874000','RR-MM-DD HH24:MI:SSXFF'),'et netus et malesuada fames ac turpis egestas. Aliquam fringilla cursus');
Insert into CS_MSGS (ID,USER_ID,DATETIME,CONTENT) values (185,466330133,to_timestamp('16-06-12 14:08:11.241895000','RR-MM-DD HH24:MI:SSXFF'),'eros. Proin ultrices. Duis volutpat nunc sit amet metus. Aliquam erat volutpat. Nulla facilisis. Suspendisse commodo tincidunt nibh. Phasellus nulla. Integer vulputate, risus a ultricies adipiscing,');
Insert into CS_MSGS (ID,USER_ID,DATETIME,CONTENT) values (186,164650115,to_timestamp('16-06-12 14:08:11.441467000','RR-MM-DD HH24:MI:SSXFF'),'mauris sagittis placerat. Cras dictum ultricies ligula. Nullam enim. Sed nulla ante, iaculis nec, eleifend non, dapibus rutrum, justo. Praesent luctus. Curabitur egestas nunc sed libero. Proin');
Insert into CS_MSGS (ID,USER_ID,DATETIME,CONTENT) values (187,466330133,to_timestamp('16-06-12 14:08:11.640628000','RR-MM-DD HH24:MI:SSXFF'),'quis accumsan convallis, ante lectus convallis est, vitae sodales nisi magna sed dui. Fusce aliquam, enim nec tempus scelerisque, lorem ipsum');
Insert into CS_MSGS (ID,USER_ID,DATETIME,CONTENT) values (188,180529738,to_timestamp('16-06-12 14:08:11.840933000','RR-MM-DD HH24:MI:SSXFF'),'mauris eu elit. Nulla facilisi. Sed neque. Sed eget lacus.');
Insert into CS_MSGS (ID,USER_ID,DATETIME,CONTENT) values (1,653254411,to_timestamp('16-06-12 14:07:32.475447000','RR-MM-DD HH24:MI:SSXFF'),'ut odio vel est tempor bibendum. Donec felis orci, adipiscing non, luctus sit amet, faucibus ut, nulla. Cras eu tellus eu augue');
Insert into CS_MSGS (ID,USER_ID,DATETIME,CONTENT) values (2,551530123,to_timestamp('16-06-12 14:07:32.784880000','RR-MM-DD HH24:MI:SSXFF'),'volutpat. Nulla dignissim. Maecenas ornare egestas ligula. Nullam feugiat placerat velit. Quisque varius. Nam porttitor scelerisque neque. Nullam nisl. Maecenas malesuada fringilla est. Mauris eu turpis. Nulla aliquet. Proin');
Insert into CS_MSGS (ID,USER_ID,DATETIME,CONTENT) values (3,910843102,to_timestamp('16-06-12 14:07:33.053990000','RR-MM-DD HH24:MI:SSXFF'),'tortor nibh sit amet orci. Ut sagittis lobortis mauris. Suspendisse');
Insert into CS_MSGS (ID,USER_ID,DATETIME,CONTENT) values (4,551530123,to_timestamp('16-06-12 14:07:33.257114000','RR-MM-DD HH24:MI:SSXFF'),'vitae semper egestas, urna justo faucibus lectus, a sollicitudin orci sem eget massa. Suspendisse eleifend. Cras sed leo. Cras vehicula aliquet libero. Integer in magna. Phasellus dolor elit, pellentesque a, facilisis non, bibendum sed, est. Nunc laoreet lectus quis massa.');
Insert into CS_MSGS (ID,USER_ID,DATETIME,CONTENT) values (5,213610313,to_timestamp('16-06-12 14:07:33.457380000','RR-MM-DD HH24:MI:SSXFF'),'erat nonummy ultricies ornare, elit elit fermentum risus, at fringilla purus mauris a nunc. In at pede. Cras vulputate velit eu sem. Pellentesque ut');
Insert into CS_MSGS (ID,USER_ID,DATETIME,CONTENT) values (6,180529738,to_timestamp('16-06-12 14:07:33.657025000','RR-MM-DD HH24:MI:SSXFF'),'rutrum non, hendrerit id, ante. Nunc mauris sapien, cursus');
Insert into CS_MSGS (ID,USER_ID,DATETIME,CONTENT) values (7,466330133,to_timestamp('16-06-12 14:07:33.856881000','RR-MM-DD HH24:MI:SSXFF'),'libero mauris, aliquam eu, accumsan sed, facilisis vitae, orci. Phasellus dapibus quam quis diam. Pellentesque habitant morbi tristique senectus et netus et malesuada fames ac turpis egestas. Fusce aliquet magna a neque. Nullam ut');
Insert into CS_MSGS (ID,USER_ID,DATETIME,CONTENT) values (8,449055923,to_timestamp('16-06-12 14:07:34.056194000','RR-MM-DD HH24:MI:SSXFF'),'eget tincidunt dui augue eu tellus. Phasellus elit pede, malesuada vel, venenatis vel, faucibus id, libero. Donec consectetuer mauris id sapien. Cras dolor dolor, tempus non, lacinia at, iaculis quis, pede. Praesent eu');
Insert into CS_MSGS (ID,USER_ID,DATETIME,CONTENT) values (9,486301748,to_timestamp('16-06-12 14:07:34.259850000','RR-MM-DD HH24:MI:SSXFF'),'arcu eu odio tristique pharetra. Quisque ac libero nec ligula consectetuer rhoncus.');
Insert into CS_MSGS (ID,USER_ID,DATETIME,CONTENT) values (10,294073332,to_timestamp('16-06-12 14:07:34.461514000','RR-MM-DD HH24:MI:SSXFF'),'sodales nisi magna sed dui. Fusce aliquam, enim nec tempus scelerisque, lorem ipsum sodales purus, in molestie tortor nibh sit amet orci. Ut sagittis lobortis mauris. Suspendisse aliquet molestie tellus.');
Insert into CS_MSGS (ID,USER_ID,DATETIME,CONTENT) values (11,459335581,to_timestamp('16-06-12 14:07:34.661203000','RR-MM-DD HH24:MI:SSXFF'),'gravida mauris ut mi. Duis risus odio, auctor vitae, aliquet nec, imperdiet nec, leo. Morbi neque tellus, imperdiet non, vestibulum nec, euismod in, dolor. Fusce feugiat. Lorem ipsum dolor sit');
Insert into CS_MSGS (ID,USER_ID,DATETIME,CONTENT) values (12,164650115,to_timestamp('16-06-12 14:07:34.861250000','RR-MM-DD HH24:MI:SSXFF'),'Duis at lacus. Quisque purus sapien, gravida non,');
Insert into CS_MSGS (ID,USER_ID,DATETIME,CONTENT) values (13,294073332,to_timestamp('16-06-12 14:07:35.330898000','RR-MM-DD HH24:MI:SSXFF'),'nibh enim, gravida sit amet, dapibus id, blandit at, nisi. Cum sociis natoque penatibus et magnis dis parturient montes, nascetur ridiculus mus. Proin vel nisl. Quisque fringilla euismod enim. Etiam gravida molestie arcu. Sed eu nibh vulputate mauris sagittis placerat.');
Insert into CS_MSGS (ID,USER_ID,DATETIME,CONTENT) values (14,180529738,to_timestamp('16-06-12 14:07:35.597948000','RR-MM-DD HH24:MI:SSXFF'),'lectus pede et risus. Quisque libero lacus, varius et, euismod et, commodo at, libero. Morbi accumsan laoreet ipsum. Curabitur consequat, lectus sit amet luctus vulputate, nisi');
Insert into CS_MSGS (ID,USER_ID,DATETIME,CONTENT) values (15,551530123,to_timestamp('16-06-12 14:07:35.865872000','RR-MM-DD HH24:MI:SSXFF'),'tortor. Nunc commodo auctor velit. Aliquam nisl. Nulla eu neque pellentesque massa lobortis ultrices. Vivamus rhoncus. Donec est. Nunc ullamcorper, velit in aliquet lobortis, nisi nibh lacinia orci, consectetuer euismod');
Insert into CS_MSGS (ID,USER_ID,DATETIME,CONTENT) values (16,13011912,to_timestamp('16-06-12 14:07:36.066656000','RR-MM-DD HH24:MI:SSXFF'),'adipiscing lobortis risus. In mi pede, nonummy ut, molestie in, tempus eu, ligula. Aenean euismod mauris eu elit. Nulla facilisi. Sed neque. Sed eget lacus. Mauris non dui nec urna suscipit');
Insert into CS_MSGS (ID,USER_ID,DATETIME,CONTENT) values (17,294073332,to_timestamp('16-06-12 14:07:36.265401000','RR-MM-DD HH24:MI:SSXFF'),'eros nec tellus. Nunc lectus pede, ultrices a, auctor non, feugiat nec, diam. Duis mi enim, condimentum eget, volutpat ornare, facilisis eget, ipsum. Donec');
Insert into CS_MSGS (ID,USER_ID,DATETIME,CONTENT) values (18,294073332,to_timestamp('16-06-12 14:07:36.464736000','RR-MM-DD HH24:MI:SSXFF'),'et magnis dis parturient montes, nascetur ridiculus mus. Donec dignissim magna a tortor. Nunc commodo auctor velit. Aliquam nisl. Nulla eu neque pellentesque massa lobortis ultrices. Vivamus rhoncus. Donec est. Nunc ullamcorper, velit in aliquet lobortis, nisi nibh lacinia orci,');
Insert into CS_MSGS (ID,USER_ID,DATETIME,CONTENT) values (19,294073332,to_timestamp('16-06-12 14:07:36.664517000','RR-MM-DD HH24:MI:SSXFF'),'Curabitur egestas nunc sed libero. Proin sed');
Insert into CS_MSGS (ID,USER_ID,DATETIME,CONTENT) values (20,551530123,to_timestamp('16-06-12 14:07:36.863392000','RR-MM-DD HH24:MI:SSXFF'),'eget varius ultrices, mauris ipsum porta elit, a feugiat tellus lorem eu metus. In lorem. Donec elementum, lorem ut aliquam iaculis, lacus pede sagittis augue, eu tempor erat neque non quam. Pellentesque');
Insert into CS_MSGS (ID,USER_ID,DATETIME,CONTENT) values (21,486301748,to_timestamp('16-06-12 14:07:37.065160000','RR-MM-DD HH24:MI:SSXFF'),'turpis. Nulla aliquet. Proin velit. Sed malesuada augue ut lacus. Nulla tincidunt, neque vitae semper egestas, urna justo faucibus lectus, a sollicitudin orci sem eget');
Insert into CS_MSGS (ID,USER_ID,DATETIME,CONTENT) values (22,486301748,to_timestamp('16-06-12 14:07:37.268427000','RR-MM-DD HH24:MI:SSXFF'),'dictum mi, ac mattis velit justo nec ante. Maecenas mi felis, adipiscing fringilla, porttitor vulputate, posuere vulputate, lacus. Cras interdum. Nunc sollicitudin commodo ipsum. Suspendisse non leo. Vivamus nibh dolor, nonummy ac, feugiat non, lobortis quis, pede.');
Insert into CS_MSGS (ID,USER_ID,DATETIME,CONTENT) values (23,742366732,to_timestamp('16-06-12 14:07:37.470076000','RR-MM-DD HH24:MI:SSXFF'),'eleifend egestas. Sed pharetra, felis eget varius ultrices, mauris ipsum porta elit, a feugiat tellus lorem eu metus. In lorem. Donec elementum, lorem ut aliquam iaculis, lacus pede sagittis augue,');
Insert into CS_MSGS (ID,USER_ID,DATETIME,CONTENT) values (24,30352832,to_timestamp('16-06-12 14:07:37.672332000','RR-MM-DD HH24:MI:SSXFF'),'fringilla purus mauris a nunc. In at pede. Cras vulputate velit eu sem. Pellentesque ut ipsum ac mi');
Insert into CS_MSGS (ID,USER_ID,DATETIME,CONTENT) values (25,694174312,to_timestamp('16-06-12 14:07:37.873256000','RR-MM-DD HH24:MI:SSXFF'),'faucibus leo, in lobortis tellus justo sit amet nulla. Donec non justo. Proin non massa non ante bibendum ullamcorper. Duis cursus, diam at pretium aliquet, metus urna convallis');
Insert into CS_MSGS (ID,USER_ID,DATETIME,CONTENT) values (26,551530123,to_timestamp('16-06-12 14:07:38.074982000','RR-MM-DD HH24:MI:SSXFF'),'elementum at, egestas a, scelerisque sed, sapien. Nunc pulvinar arcu et pede. Nunc sed orci lobortis augue scelerisque mollis. Phasellus libero mauris, aliquam eu, accumsan sed, facilisis vitae, orci. Phasellus dapibus');
Insert into CS_MSGS (ID,USER_ID,DATETIME,CONTENT) values (27,529332265,to_timestamp('16-06-12 14:07:38.273113000','RR-MM-DD HH24:MI:SSXFF'),'Nulla eget metus eu erat semper rutrum. Fusce dolor quam, elementum at, egestas a, scelerisque sed, sapien. Nunc pulvinar arcu et pede. Nunc sed orci lobortis augue scelerisque mollis.');
Insert into CS_MSGS (ID,USER_ID,DATETIME,CONTENT) values (28,742366732,to_timestamp('16-06-12 14:07:38.474472000','RR-MM-DD HH24:MI:SSXFF'),'magna. Sed eu eros. Nam consequat dolor vitae dolor. Donec fringilla. Donec feugiat metus sit amet ante. Vivamus non lorem vitae');
Insert into CS_MSGS (ID,USER_ID,DATETIME,CONTENT) values (29,466330133,to_timestamp('16-06-12 14:07:38.673853000','RR-MM-DD HH24:MI:SSXFF'),'pretium aliquet, metus urna convallis erat, eget tincidunt dui augue eu tellus. Phasellus elit pede, malesuada vel, venenatis vel, faucibus id, libero. Donec consectetuer mauris id sapien. Cras dolor');
Insert into CS_MSGS (ID,USER_ID,DATETIME,CONTENT) values (30,911131203,to_timestamp('16-06-12 14:07:38.878420000','RR-MM-DD HH24:MI:SSXFF'),'et libero. Proin mi. Aliquam gravida mauris ut mi. Duis risus odio, auctor vitae, aliquet nec, imperdiet nec, leo. Morbi neque tellus, imperdiet non, vestibulum nec, euismod in,');
Insert into CS_MSGS (ID,USER_ID,DATETIME,CONTENT) values (31,164650115,to_timestamp('16-06-12 14:07:39.151014000','RR-MM-DD HH24:MI:SSXFF'),'tincidunt pede ac urna. Ut tincidunt vehicula');
Insert into CS_MSGS (ID,USER_ID,DATETIME,CONTENT) values (32,486301748,to_timestamp('16-06-12 14:07:39.360029000','RR-MM-DD HH24:MI:SSXFF'),'ridiculus mus. Proin vel arcu eu odio tristique pharetra. Quisque ac libero nec ligula consectetuer rhoncus. Nullam velit dui, semper et, lacinia vitae, sodales at, velit. Pellentesque ultricies dignissim lacus. Aliquam rutrum lorem');
Insert into CS_MSGS (ID,USER_ID,DATETIME,CONTENT) values (33,716264410,to_timestamp('16-06-12 14:07:39.567609000','RR-MM-DD HH24:MI:SSXFF'),'pede. Nunc sed orci lobortis augue scelerisque mollis. Phasellus libero mauris, aliquam eu, accumsan');
Insert into CS_MSGS (ID,USER_ID,DATETIME,CONTENT) values (34,694174312,to_timestamp('16-06-12 14:07:39.777118000','RR-MM-DD HH24:MI:SSXFF'),'placerat, augue. Sed molestie. Sed id risus quis diam luctus lobortis. Class aptent taciti sociosqu ad litora torquent per conubia nostra, per inceptos hymenaeos. Mauris ut quam vel');
Insert into CS_MSGS (ID,USER_ID,DATETIME,CONTENT) values (35,459335581,to_timestamp('16-06-12 14:07:39.987877000','RR-MM-DD HH24:MI:SSXFF'),'montes, nascetur ridiculus mus. Proin vel nisl. Quisque fringilla euismod enim. Etiam gravida molestie arcu. Sed eu nibh vulputate mauris sagittis placerat. Cras dictum ultricies');
Insert into CS_MSGS (ID,USER_ID,DATETIME,CONTENT) values (36,551530123,to_timestamp('16-06-12 14:07:40.187472000','RR-MM-DD HH24:MI:SSXFF'),'dignissim pharetra. Nam ac nulla. In tincidunt congue turpis. In condimentum. Donec at arcu. Vestibulum ante ipsum primis in faucibus orci luctus et ultrices posuere cubilia Curae; Donec');
Insert into CS_MSGS (ID,USER_ID,DATETIME,CONTENT) values (231,742366732,to_timestamp('16-06-12 14:08:20.585098000','RR-MM-DD HH24:MI:SSXFF'),'nonummy ultricies ornare, elit elit fermentum risus, at fringilla purus mauris');
Insert into CS_MSGS (ID,USER_ID,DATETIME,CONTENT) values (232,789110754,to_timestamp('16-06-12 14:08:20.785965000','RR-MM-DD HH24:MI:SSXFF'),'Integer id magna et ipsum cursus vestibulum. Mauris magna. Duis dignissim tempor arcu. Vestibulum ut eros non enim commodo hendrerit. Donec porttitor tellus non magna. Nam ligula elit, pretium et, rutrum');
Insert into CS_MSGS (ID,USER_ID,DATETIME,CONTENT) values (233,653254411,to_timestamp('16-06-12 14:08:20.991117000','RR-MM-DD HH24:MI:SSXFF'),'quis diam luctus lobortis. Class aptent taciti sociosqu');
Insert into CS_MSGS (ID,USER_ID,DATETIME,CONTENT) values (234,576779473,to_timestamp('16-06-12 14:08:21.191995000','RR-MM-DD HH24:MI:SSXFF'),'velit. Aliquam nisl. Nulla eu neque pellentesque massa lobortis ultrices. Vivamus rhoncus. Donec est. Nunc ullamcorper, velit in aliquet lobortis, nisi nibh lacinia orci, consectetuer euismod est arcu ac orci. Ut semper pretium neque. Morbi quis urna.');
Insert into CS_MSGS (ID,USER_ID,DATETIME,CONTENT) values (235,901881543,to_timestamp('16-06-12 14:08:21.394346000','RR-MM-DD HH24:MI:SSXFF'),'sodales at, velit. Pellentesque ultricies dignissim lacus. Aliquam rutrum');
Insert into CS_MSGS (ID,USER_ID,DATETIME,CONTENT) values (236,529332265,to_timestamp('16-06-12 14:08:21.594889000','RR-MM-DD HH24:MI:SSXFF'),'aliquam eros turpis non enim. Mauris quis turpis vitae purus gravida sagittis. Duis gravida. Praesent eu nulla at sem molestie sodales. Mauris blandit enim consequat purus. Maecenas libero est, congue a, aliquet');
Insert into CS_MSGS (ID,USER_ID,DATETIME,CONTENT) values (237,789110754,to_timestamp('16-06-12 14:08:21.796047000','RR-MM-DD HH24:MI:SSXFF'),'nunc ac mattis ornare, lectus ante dictum mi, ac mattis velit justo nec ante. Maecenas mi felis, adipiscing fringilla,');
Insert into CS_MSGS (ID,USER_ID,DATETIME,CONTENT) values (238,213610313,to_timestamp('16-06-12 14:08:21.996343000','RR-MM-DD HH24:MI:SSXFF'),'mauris. Suspendisse aliquet molestie tellus. Aenean egestas hendrerit neque. In ornare sagittis felis. Donec tempor, est ac mattis semper,');
Insert into CS_MSGS (ID,USER_ID,DATETIME,CONTENT) values (239,213610313,to_timestamp('16-06-12 14:08:22.199192000','RR-MM-DD HH24:MI:SSXFF'),'In lorem. Donec elementum, lorem ut aliquam iaculis, lacus pede sagittis augue, eu tempor erat neque non');
Insert into CS_MSGS (ID,USER_ID,DATETIME,CONTENT) values (240,911131203,to_timestamp('16-06-12 14:08:22.399269000','RR-MM-DD HH24:MI:SSXFF'),'dignissim. Maecenas ornare egestas ligula. Nullam feugiat placerat velit. Quisque varius. Nam');
Insert into CS_MSGS (ID,USER_ID,DATETIME,CONTENT) values (241,910843102,to_timestamp('16-06-12 14:08:22.602241000','RR-MM-DD HH24:MI:SSXFF'),'tincidunt, nunc ac mattis ornare, lectus ante dictum mi, ac mattis velit justo nec ante. Maecenas mi felis, adipiscing fringilla, porttitor vulputate, posuere vulputate, lacus. Cras interdum. Nunc');
Insert into CS_MSGS (ID,USER_ID,DATETIME,CONTENT) values (242,466330133,to_timestamp('16-06-12 14:08:22.803980000','RR-MM-DD HH24:MI:SSXFF'),'Quisque nonummy ipsum non arcu. Vivamus sit amet risus. Donec egestas. Aliquam nec enim. Nunc ut erat. Sed nunc est, mollis non, cursus non, egestas a, dui. Cras pellentesque. Sed dictum. Proin eget odio. Aliquam vulputate ullamcorper magna. Sed');
Insert into CS_MSGS (ID,USER_ID,DATETIME,CONTENT) values (243,213610313,to_timestamp('16-06-12 14:08:23.008211000','RR-MM-DD HH24:MI:SSXFF'),'elit fermentum risus, at fringilla purus mauris a nunc. In at pede. Cras vulputate velit eu sem. Pellentesque ut ipsum ac mi eleifend egestas. Sed pharetra, felis');
Insert into CS_MSGS (ID,USER_ID,DATETIME,CONTENT) values (244,899901892,to_timestamp('16-06-12 14:08:23.209640000','RR-MM-DD HH24:MI:SSXFF'),'lacus. Quisque imperdiet, erat nonummy ultricies ornare, elit elit fermentum risus, at fringilla purus mauris a nunc. In at pede. Cras vulputate velit eu sem. Pellentesque');
Insert into CS_MSGS (ID,USER_ID,DATETIME,CONTENT) values (245,742366732,to_timestamp('16-06-12 14:08:23.409867000','RR-MM-DD HH24:MI:SSXFF'),'ullamcorper eu, euismod ac, fermentum vel, mauris. Integer sem elit, pharetra ut, pharetra sed, hendrerit a, arcu. Sed et libero. Proin mi. Aliquam gravida mauris ut mi. Duis risus odio, auctor vitae, aliquet nec, imperdiet nec,');
Insert into CS_MSGS (ID,USER_ID,DATETIME,CONTENT) values (246,459335581,to_timestamp('16-06-12 14:08:23.610826000','RR-MM-DD HH24:MI:SSXFF'),'Proin dolor. Nulla semper tellus id nunc interdum feugiat. Sed nec metus facilisis lorem tristique aliquet. Phasellus fermentum convallis ligula. Donec luctus aliquet odio.');
Insert into CS_MSGS (ID,USER_ID,DATETIME,CONTENT) values (247,963042884,to_timestamp('16-06-12 14:08:23.810469000','RR-MM-DD HH24:MI:SSXFF'),'vel, venenatis vel, faucibus id, libero. Donec consectetuer mauris id sapien. Cras dolor dolor, tempus non, lacinia at, iaculis quis, pede. Praesent eu dui. Cum sociis natoque penatibus et magnis');
Insert into CS_MSGS (ID,USER_ID,DATETIME,CONTENT) values (248,910843102,to_timestamp('16-06-12 14:08:24.010968000','RR-MM-DD HH24:MI:SSXFF'),'ultricies sem magna nec quam. Curabitur vel lectus. Cum sociis natoque penatibus et magnis dis parturient montes, nascetur');
Insert into CS_MSGS (ID,USER_ID,DATETIME,CONTENT) values (249,910843102,to_timestamp('16-06-12 14:08:24.212815000','RR-MM-DD HH24:MI:SSXFF'),'eget, volutpat ornare, facilisis eget, ipsum. Donec sollicitudin adipiscing ligula. Aenean gravida nunc sed pede. Cum sociis natoque penatibus et magnis dis parturient montes, nascetur ridiculus mus. Proin vel arcu');
Insert into CS_MSGS (ID,USER_ID,DATETIME,CONTENT) values (250,694174312,to_timestamp('16-06-12 14:08:24.411685000','RR-MM-DD HH24:MI:SSXFF'),'non, bibendum sed, est. Nunc laoreet lectus quis massa. Mauris vestibulum, neque sed dictum');
Insert into CS_MSGS (ID,USER_ID,DATETIME,CONTENT) values (251,789110754,to_timestamp('16-06-12 14:08:24.610481000','RR-MM-DD HH24:MI:SSXFF'),'at, velit. Pellentesque ultricies dignissim lacus. Aliquam rutrum lorem ac risus. Morbi metus. Vivamus euismod urna. Nullam lobortis quam a felis ullamcorper viverra. Maecenas iaculis aliquet diam. Sed diam lorem, auctor quis, tristique ac,');
Insert into CS_MSGS (ID,USER_ID,DATETIME,CONTENT) values (252,164650115,to_timestamp('16-06-12 14:08:24.809787000','RR-MM-DD HH24:MI:SSXFF'),'tincidunt. Donec vitae erat vel pede blandit congue.');
Insert into CS_MSGS (ID,USER_ID,DATETIME,CONTENT) values (253,777664288,to_timestamp('16-06-12 14:08:25.013111000','RR-MM-DD HH24:MI:SSXFF'),'orci tincidunt adipiscing. Mauris molestie pharetra nibh. Aliquam ornare, libero at auctor ullamcorper, nisl arcu iaculis enim, sit amet ornare lectus justo eu arcu.');
Insert into CS_MSGS (ID,USER_ID,DATETIME,CONTENT) values (254,294073332,to_timestamp('16-06-12 14:08:25.258798000','RR-MM-DD HH24:MI:SSXFF'),'ante blandit viverra. Donec tempus, lorem fringilla ornare placerat, orci lacus vestibulum lorem, sit amet ultricies sem magna');
Insert into CS_MSGS (ID,USER_ID,DATETIME,CONTENT) values (255,694174312,to_timestamp('16-06-12 14:08:25.594910000','RR-MM-DD HH24:MI:SSXFF'),'blandit at, nisi. Cum sociis natoque penatibus et magnis dis parturient montes, nascetur ridiculus mus. Proin vel nisl. Quisque fringilla euismod enim. Etiam gravida molestie arcu. Sed eu nibh vulputate mauris sagittis placerat. Cras dictum ultricies ligula. Nullam enim.');
Insert into CS_MSGS (ID,USER_ID,DATETIME,CONTENT) values (256,911131203,to_timestamp('16-06-12 14:08:25.797614000','RR-MM-DD HH24:MI:SSXFF'),'placerat eget, venenatis a, magna. Lorem ipsum dolor sit amet, consectetuer adipiscing elit. Etiam laoreet, libero et tristique pellentesque, tellus sem mollis dui, in sodales elit erat vitae risus.');
Insert into CS_MSGS (ID,USER_ID,DATETIME,CONTENT) values (257,777664288,to_timestamp('16-06-12 14:08:25.999230000','RR-MM-DD HH24:MI:SSXFF'),'enim. Mauris quis turpis vitae purus gravida sagittis.');
Insert into CS_MSGS (ID,USER_ID,DATETIME,CONTENT) values (258,576779473,to_timestamp('16-06-12 14:08:26.198813000','RR-MM-DD HH24:MI:SSXFF'),'elit, dictum eu, eleifend nec, malesuada ut, sem. Nulla interdum. Curabitur dictum. Phasellus in felis. Nulla tempor augue ac ipsum. Phasellus vitae mauris sit amet lorem semper auctor. Mauris vel turpis. Aliquam adipiscing lobortis risus. In mi');
Insert into CS_MSGS (ID,USER_ID,DATETIME,CONTENT) values (259,576779473,to_timestamp('16-06-12 14:08:26.402225000','RR-MM-DD HH24:MI:SSXFF'),'neque. Nullam nisl. Maecenas malesuada fringilla est. Mauris eu turpis. Nulla aliquet. Proin velit. Sed malesuada augue ut lacus.');
Insert into CS_MSGS (ID,USER_ID,DATETIME,CONTENT) values (260,180529738,to_timestamp('16-06-12 14:08:26.616131000','RR-MM-DD HH24:MI:SSXFF'),'In condimentum. Donec at arcu. Vestibulum ante');
Insert into CS_MSGS (ID,USER_ID,DATETIME,CONTENT) values (261,742366732,to_timestamp('16-06-12 14:08:26.819280000','RR-MM-DD HH24:MI:SSXFF'),'Aliquam rutrum lorem ac risus. Morbi metus. Vivamus euismod urna. Nullam lobortis quam a felis ullamcorper viverra. Maecenas iaculis aliquet diam. Sed diam lorem, auctor quis,');
Insert into CS_MSGS (ID,USER_ID,DATETIME,CONTENT) values (262,459335581,to_timestamp('16-06-12 14:08:27.019205000','RR-MM-DD HH24:MI:SSXFF'),'dignissim. Maecenas ornare egestas ligula. Nullam feugiat placerat velit. Quisque varius. Nam porttitor scelerisque neque. Nullam nisl. Maecenas malesuada fringilla est. Mauris eu turpis. Nulla aliquet. Proin velit. Sed malesuada augue ut');
Insert into CS_MSGS (ID,USER_ID,DATETIME,CONTENT) values (263,13011912,to_timestamp('16-06-12 14:08:27.219873000','RR-MM-DD HH24:MI:SSXFF'),'nibh. Aliquam ornare, libero at auctor ullamcorper, nisl arcu iaculis enim,');
Insert into CS_MSGS (ID,USER_ID,DATETIME,CONTENT) values (264,963042884,to_timestamp('16-06-12 14:08:27.419195000','RR-MM-DD HH24:MI:SSXFF'),'non quam. Pellentesque habitant morbi tristique senectus et netus et malesuada fames ac turpis egestas. Aliquam fringilla cursus purus. Nullam scelerisque neque sed sem egestas blandit. Nam nulla magna, malesuada vel,');
Insert into CS_MSGS (ID,USER_ID,DATETIME,CONTENT) values (265,899901892,to_timestamp('16-06-12 14:08:27.619222000','RR-MM-DD HH24:MI:SSXFF'),'nibh lacinia orci, consectetuer euismod est arcu ac orci. Ut semper pretium neque. Morbi quis urna. Nunc quis arcu vel quam dignissim pharetra. Nam ac nulla. In tincidunt congue turpis. In condimentum. Donec at arcu. Vestibulum ante ipsum primis in');
Insert into CS_MSGS (ID,USER_ID,DATETIME,CONTENT) values (266,13011912,to_timestamp('16-06-12 14:08:27.819112000','RR-MM-DD HH24:MI:SSXFF'),'semper egestas, urna justo faucibus lectus, a sollicitudin orci sem eget massa. Suspendisse eleifend. Cras sed leo. Cras vehicula aliquet libero. Integer in magna. Phasellus dolor elit, pellentesque a, facilisis non, bibendum sed, est. Nunc laoreet lectus quis massa. Mauris');
Insert into CS_MSGS (ID,USER_ID,DATETIME,CONTENT) values (267,459335581,to_timestamp('16-06-12 14:08:28.019327000','RR-MM-DD HH24:MI:SSXFF'),'Fusce dolor quam, elementum at, egestas a, scelerisque sed, sapien. Nunc');
Insert into CS_MSGS (ID,USER_ID,DATETIME,CONTENT) values (268,459335581,to_timestamp('16-06-12 14:08:28.219721000','RR-MM-DD HH24:MI:SSXFF'),'libero. Donec consectetuer mauris id sapien. Cras dolor dolor, tempus non, lacinia at, iaculis quis, pede. Praesent eu dui. Cum sociis natoque penatibus et magnis dis parturient montes, nascetur ridiculus mus. Aenean eget magna. Suspendisse tristique neque');
Insert into CS_MSGS (ID,USER_ID,DATETIME,CONTENT) values (269,901881543,to_timestamp('16-06-12 14:08:28.420254000','RR-MM-DD HH24:MI:SSXFF'),'elementum sem, vitae aliquam eros turpis non enim. Mauris quis turpis vitae purus gravida');
Insert into CS_MSGS (ID,USER_ID,DATETIME,CONTENT) values (270,910843102,to_timestamp('16-06-12 14:08:28.622460000','RR-MM-DD HH24:MI:SSXFF'),'Aliquam erat volutpat. Nulla dignissim. Maecenas ornare egestas ligula. Nullam feugiat placerat velit. Quisque varius. Nam porttitor scelerisque neque. Nullam nisl. Maecenas malesuada fringilla est. Mauris eu turpis. Nulla aliquet. Proin velit. Sed malesuada augue');
Insert into CS_MSGS (ID,USER_ID,DATETIME,CONTENT) values (271,716264410,to_timestamp('16-06-12 14:08:28.822731000','RR-MM-DD HH24:MI:SSXFF'),'nunc nulla vulputate dui, nec tempus mauris erat eget ipsum. Suspendisse sagittis. Nullam vitae diam. Proin dolor. Nulla semper tellus id nunc interdum feugiat. Sed nec metus facilisis lorem tristique aliquet. Phasellus fermentum convallis');
Insert into CS_MSGS (ID,USER_ID,DATETIME,CONTENT) values (272,294073332,to_timestamp('16-06-12 14:08:29.024756000','RR-MM-DD HH24:MI:SSXFF'),'dolor sit amet, consectetuer adipiscing elit. Etiam laoreet, libero et tristique pellentesque, tellus sem mollis dui, in sodales');
Insert into CS_MSGS (ID,USER_ID,DATETIME,CONTENT) values (273,777664288,to_timestamp('16-06-12 14:08:29.225694000','RR-MM-DD HH24:MI:SSXFF'),'nibh dolor, nonummy ac, feugiat non, lobortis quis, pede. Suspendisse dui. Fusce diam nunc, ullamcorper eu, euismod ac, fermentum vel, mauris. Integer sem elit, pharetra ut, pharetra sed,');
Insert into CS_MSGS (ID,USER_ID,DATETIME,CONTENT) values (274,899901892,to_timestamp('16-06-12 14:08:29.426917000','RR-MM-DD HH24:MI:SSXFF'),'facilisi. Sed neque. Sed eget lacus. Mauris non dui nec urna suscipit nonummy. Fusce fermentum fermentum arcu. Vestibulum ante ipsum primis');
Insert into CS_MSGS (ID,USER_ID,DATETIME,CONTENT) values (275,466330133,to_timestamp('16-06-12 14:08:29.627319000','RR-MM-DD HH24:MI:SSXFF'),'dolor. Nulla semper tellus id nunc interdum feugiat. Sed nec metus facilisis lorem tristique aliquet. Phasellus fermentum convallis ligula.');
Insert into CS_MSGS (ID,USER_ID,DATETIME,CONTENT) values (276,486301748,to_timestamp('16-06-12 14:08:29.826388000','RR-MM-DD HH24:MI:SSXFF'),'dolor. Fusce mi lorem, vehicula et, rutrum eu, ultrices sit amet, risus. Donec nibh enim, gravida sit amet, dapibus id, blandit at, nisi. Cum sociis natoque penatibus et magnis dis parturient montes, nascetur');
Insert into CS_MSGS (ID,USER_ID,DATETIME,CONTENT) values (277,30352832,to_timestamp('16-06-12 14:08:30.027065000','RR-MM-DD HH24:MI:SSXFF'),'semper pretium neque. Morbi quis urna. Nunc quis arcu vel quam dignissim pharetra. Nam ac nulla. In tincidunt congue turpis. In condimentum. Donec at arcu. Vestibulum ante ipsum primis in faucibus orci luctus et ultrices');
Insert into CS_MSGS (ID,USER_ID,DATETIME,CONTENT) values (278,694174312,to_timestamp('16-06-12 14:08:30.228912000','RR-MM-DD HH24:MI:SSXFF'),'facilisis lorem tristique aliquet. Phasellus fermentum convallis ligula. Donec luctus aliquet odio. Etiam ligula tortor, dictum eu, placerat eget, venenatis a, magna. Lorem ipsum dolor sit amet, consectetuer adipiscing');
Insert into CS_MSGS (ID,USER_ID,DATETIME,CONTENT) values (279,529332265,to_timestamp('16-06-12 14:08:30.431215000','RR-MM-DD HH24:MI:SSXFF'),'Aenean euismod mauris eu elit. Nulla facilisi. Sed neque. Sed eget lacus. Mauris non dui nec urna suscipit nonummy. Fusce fermentum fermentum arcu. Vestibulum ante ipsum primis in faucibus orci luctus et ultrices posuere cubilia Curae; Phasellus');
Insert into CS_MSGS (ID,USER_ID,DATETIME,CONTENT) values (280,459335581,to_timestamp('16-06-12 14:08:30.635439000','RR-MM-DD HH24:MI:SSXFF'),'aliquet molestie tellus. Aenean egestas hendrerit neque. In ornare sagittis felis. Donec tempor, est ac mattis semper, dui lectus rutrum urna, nec luctus felis purus ac tellus. Suspendisse sed dolor. Fusce mi lorem,');
Insert into CS_MSGS (ID,USER_ID,DATETIME,CONTENT) values (281,653254411,to_timestamp('16-06-12 14:08:30.837866000','RR-MM-DD HH24:MI:SSXFF'),'tempor, est ac mattis semper, dui lectus rutrum urna, nec luctus felis purus ac tellus. Suspendisse sed dolor. Fusce mi lorem, vehicula et, rutrum eu, ultrices sit amet, risus. Donec nibh');
Insert into CS_MSGS (ID,USER_ID,DATETIME,CONTENT) values (189,466330133,to_timestamp('16-06-12 14:08:12.043488000','RR-MM-DD HH24:MI:SSXFF'),'urna convallis erat, eget tincidunt dui augue eu tellus. Phasellus elit pede, malesuada vel, venenatis');
Insert into CS_MSGS (ID,USER_ID,DATETIME,CONTENT) values (190,789110754,to_timestamp('16-06-12 14:08:12.248013000','RR-MM-DD HH24:MI:SSXFF'),'et magnis dis parturient montes, nascetur ridiculus mus. Proin vel arcu eu odio tristique pharetra. Quisque ac libero nec ligula consectetuer rhoncus. Nullam velit');
Insert into CS_MSGS (ID,USER_ID,DATETIME,CONTENT) values (191,899901892,to_timestamp('16-06-12 14:08:12.452660000','RR-MM-DD HH24:MI:SSXFF'),'urna convallis erat, eget tincidunt dui augue eu tellus. Phasellus');
Insert into CS_MSGS (ID,USER_ID,DATETIME,CONTENT) values (192,777664288,to_timestamp('16-06-12 14:08:12.704792000','RR-MM-DD HH24:MI:SSXFF'),'Quisque libero lacus, varius et, euismod et, commodo at, libero. Morbi accumsan laoreet ipsum. Curabitur consequat, lectus sit amet luctus vulputate, nisi sem semper');
Insert into CS_MSGS (ID,USER_ID,DATETIME,CONTENT) values (193,901881543,to_timestamp('16-06-12 14:08:12.908301000','RR-MM-DD HH24:MI:SSXFF'),'ultricies ligula. Nullam enim. Sed nulla ante, iaculis nec, eleifend non, dapibus');
Insert into CS_MSGS (ID,USER_ID,DATETIME,CONTENT) values (194,13011912,to_timestamp('16-06-12 14:08:13.115877000','RR-MM-DD HH24:MI:SSXFF'),'Pellentesque tincidunt tempus risus. Donec egestas. Duis ac arcu. Nunc mauris. Morbi non sapien');
Insert into CS_MSGS (ID,USER_ID,DATETIME,CONTENT) values (195,551530123,to_timestamp('16-06-12 14:08:13.319181000','RR-MM-DD HH24:MI:SSXFF'),'Donec at arcu. Vestibulum ante ipsum primis in faucibus orci luctus et ultrices posuere cubilia Curae; Donec tincidunt. Donec vitae erat vel pede blandit congue. In scelerisque scelerisque dui. Suspendisse ac metus vitae');
Insert into CS_MSGS (ID,USER_ID,DATETIME,CONTENT) values (196,910843102,to_timestamp('16-06-12 14:08:13.519553000','RR-MM-DD HH24:MI:SSXFF'),'sem eget massa. Suspendisse eleifend. Cras sed leo.');
Insert into CS_MSGS (ID,USER_ID,DATETIME,CONTENT) values (197,789110754,to_timestamp('16-06-12 14:08:13.720167000','RR-MM-DD HH24:MI:SSXFF'),'eu, placerat eget, venenatis a, magna. Lorem ipsum dolor sit');
Insert into CS_MSGS (ID,USER_ID,DATETIME,CONTENT) values (198,910843102,to_timestamp('16-06-12 14:08:13.922771000','RR-MM-DD HH24:MI:SSXFF'),'augue ac ipsum. Phasellus vitae mauris sit amet lorem semper');
Insert into CS_MSGS (ID,USER_ID,DATETIME,CONTENT) values (199,777664288,to_timestamp('16-06-12 14:08:14.125568000','RR-MM-DD HH24:MI:SSXFF'),'Nunc lectus pede, ultrices a, auctor non, feugiat nec, diam. Duis mi enim, condimentum eget, volutpat ornare, facilisis eget, ipsum.');
Insert into CS_MSGS (ID,USER_ID,DATETIME,CONTENT) values (200,694174312,to_timestamp('16-06-12 14:08:14.325376000','RR-MM-DD HH24:MI:SSXFF'),'Aenean massa. Integer vitae nibh. Donec est mauris, rhoncus id, mollis nec, cursus a, enim. Suspendisse aliquet, sem ut cursus luctus, ipsum leo elementum sem, vitae aliquam eros turpis non enim. Mauris quis turpis vitae purus gravida sagittis. Duis gravida.');
Insert into CS_MSGS (ID,USER_ID,DATETIME,CONTENT) values (201,574222592,to_timestamp('16-06-12 14:08:14.526356000','RR-MM-DD HH24:MI:SSXFF'),'aliquet libero. Integer in magna. Phasellus dolor elit, pellentesque a, facilisis non, bibendum');
Insert into CS_MSGS (ID,USER_ID,DATETIME,CONTENT) values (202,576779473,to_timestamp('16-06-12 14:08:14.729179000','RR-MM-DD HH24:MI:SSXFF'),'Nullam enim. Sed nulla ante, iaculis nec, eleifend non, dapibus rutrum, justo. Praesent luctus. Curabitur egestas nunc');
Insert into CS_MSGS (ID,USER_ID,DATETIME,CONTENT) values (203,694174312,to_timestamp('16-06-12 14:08:14.931984000','RR-MM-DD HH24:MI:SSXFF'),'non ante bibendum ullamcorper. Duis cursus, diam at pretium aliquet, metus urna convallis erat, eget');
Insert into CS_MSGS (ID,USER_ID,DATETIME,CONTENT) values (204,742366732,to_timestamp('16-06-12 14:08:15.135448000','RR-MM-DD HH24:MI:SSXFF'),'tristique senectus et netus et malesuada fames ac turpis egestas. Aliquam fringilla cursus purus. Nullam scelerisque neque sed sem egestas blandit. Nam nulla magna, malesuada vel, convallis in, cursus et, eros. Proin ultrices. Duis volutpat');
Insert into CS_MSGS (ID,USER_ID,DATETIME,CONTENT) values (205,576779473,to_timestamp('16-06-12 14:08:15.335469000','RR-MM-DD HH24:MI:SSXFF'),'fringilla purus mauris a nunc. In at pede. Cras vulputate velit eu sem. Pellentesque ut ipsum ac mi eleifend egestas. Sed pharetra, felis eget varius ultrices, mauris ipsum porta elit, a');
Insert into CS_MSGS (ID,USER_ID,DATETIME,CONTENT) values (206,742366732,to_timestamp('16-06-12 14:08:15.538290000','RR-MM-DD HH24:MI:SSXFF'),'arcu. Morbi sit amet massa. Quisque porttitor eros nec tellus. Nunc lectus pede, ultrices a, auctor non, feugiat nec, diam.');
Insert into CS_MSGS (ID,USER_ID,DATETIME,CONTENT) values (207,901881543,to_timestamp('16-06-12 14:08:15.744076000','RR-MM-DD HH24:MI:SSXFF'),'tempus non, lacinia at, iaculis quis, pede.');
Insert into CS_MSGS (ID,USER_ID,DATETIME,CONTENT) values (208,213610313,to_timestamp('16-06-12 14:08:15.946396000','RR-MM-DD HH24:MI:SSXFF'),'pede. Cras vulputate velit eu sem. Pellentesque ut ipsum ac mi eleifend egestas. Sed pharetra, felis eget varius ultrices, mauris ipsum porta elit, a feugiat tellus');
Insert into CS_MSGS (ID,USER_ID,DATETIME,CONTENT) values (209,901881543,to_timestamp('16-06-12 14:08:16.146856000','RR-MM-DD HH24:MI:SSXFF'),'rutrum. Fusce dolor quam, elementum at, egestas a, scelerisque sed, sapien. Nunc pulvinar arcu et pede. Nunc sed orci lobortis');
Insert into CS_MSGS (ID,USER_ID,DATETIME,CONTENT) values (210,716264410,to_timestamp('16-06-12 14:08:16.347668000','RR-MM-DD HH24:MI:SSXFF'),'tincidunt vehicula risus. Nulla eget metus eu erat semper rutrum. Fusce dolor quam, elementum at, egestas a, scelerisque sed, sapien. Nunc pulvinar arcu et pede.');
Insert into CS_MSGS (ID,USER_ID,DATETIME,CONTENT) values (211,466330133,to_timestamp('16-06-12 14:08:16.551493000','RR-MM-DD HH24:MI:SSXFF'),'Cras eu tellus eu augue porttitor interdum. Sed auctor odio a purus. Duis elementum, dui quis accumsan convallis, ante lectus convallis est, vitae sodales nisi magna sed dui. Fusce aliquam, enim');
Insert into CS_MSGS (ID,USER_ID,DATETIME,CONTENT) values (212,466330133,to_timestamp('16-06-12 14:08:16.750742000','RR-MM-DD HH24:MI:SSXFF'),'Morbi quis urna. Nunc quis arcu vel quam dignissim pharetra. Nam ac');
Insert into CS_MSGS (ID,USER_ID,DATETIME,CONTENT) values (213,911131203,to_timestamp('16-06-12 14:08:16.951912000','RR-MM-DD HH24:MI:SSXFF'),'diam luctus lobortis. Class aptent taciti sociosqu ad litora torquent per conubia nostra, per inceptos hymenaeos. Mauris ut quam vel sapien imperdiet ornare. In faucibus. Morbi vehicula. Pellentesque tincidunt tempus risus. Donec egestas. Duis ac arcu. Nunc mauris.');
Insert into CS_MSGS (ID,USER_ID,DATETIME,CONTENT) values (214,466330133,to_timestamp('16-06-12 14:08:17.154288000','RR-MM-DD HH24:MI:SSXFF'),'faucibus leo, in lobortis tellus justo sit amet nulla. Donec non justo. Proin non massa non ante bibendum ullamcorper. Duis cursus, diam at pretium aliquet, metus urna convallis erat, eget tincidunt dui augue eu tellus. Phasellus elit pede, malesuada');
Insert into CS_MSGS (ID,USER_ID,DATETIME,CONTENT) values (215,963042884,to_timestamp('16-06-12 14:08:17.355975000','RR-MM-DD HH24:MI:SSXFF'),'felis. Donec tempor, est ac mattis semper, dui lectus rutrum urna, nec luctus felis purus ac tellus. Suspendisse sed');
Insert into CS_MSGS (ID,USER_ID,DATETIME,CONTENT) values (216,716264410,to_timestamp('16-06-12 14:08:17.554793000','RR-MM-DD HH24:MI:SSXFF'),'Nulla eget metus eu erat semper rutrum.');
Insert into CS_MSGS (ID,USER_ID,DATETIME,CONTENT) values (217,213610313,to_timestamp('16-06-12 14:08:17.757217000','RR-MM-DD HH24:MI:SSXFF'),'netus et malesuada fames ac turpis egestas. Aliquam fringilla cursus purus. Nullam');
Insert into CS_MSGS (ID,USER_ID,DATETIME,CONTENT) values (218,910843102,to_timestamp('16-06-12 14:08:17.957170000','RR-MM-DD HH24:MI:SSXFF'),'nulla magna, malesuada vel, convallis in, cursus et, eros. Proin ultrices. Duis volutpat nunc sit amet metus. Aliquam erat volutpat. Nulla facilisis.');
Insert into CS_MSGS (ID,USER_ID,DATETIME,CONTENT) values (219,716264410,to_timestamp('16-06-12 14:08:18.156698000','RR-MM-DD HH24:MI:SSXFF'),'mauris. Morbi non sapien molestie orci tincidunt adipiscing. Mauris molestie pharetra nibh. Aliquam ornare, libero at auctor ullamcorper, nisl arcu iaculis enim, sit amet ornare lectus justo eu arcu. Morbi sit amet massa. Quisque porttitor eros nec tellus. Nunc lectus');
Insert into CS_MSGS (ID,USER_ID,DATETIME,CONTENT) values (220,180529738,to_timestamp('16-06-12 14:08:18.356586000','RR-MM-DD HH24:MI:SSXFF'),'ante ipsum primis in faucibus orci luctus et ultrices posuere cubilia Curae; Donec tincidunt. Donec vitae erat vel pede blandit congue. In scelerisque scelerisque dui. Suspendisse ac metus vitae velit egestas lacinia. Sed congue, elit');
Insert into CS_MSGS (ID,USER_ID,DATETIME,CONTENT) values (221,164650115,to_timestamp('16-06-12 14:08:18.559723000','RR-MM-DD HH24:MI:SSXFF'),'mattis semper, dui lectus rutrum urna, nec luctus felis purus ac tellus. Suspendisse');
Insert into CS_MSGS (ID,USER_ID,DATETIME,CONTENT) values (222,459335581,to_timestamp('16-06-12 14:08:18.760958000','RR-MM-DD HH24:MI:SSXFF'),'sociosqu ad litora torquent per conubia nostra,');
Insert into CS_MSGS (ID,USER_ID,DATETIME,CONTENT) values (223,294073332,to_timestamp('16-06-12 14:08:18.962239000','RR-MM-DD HH24:MI:SSXFF'),'eu enim. Etiam imperdiet dictum magna. Ut tincidunt orci quis lectus. Nullam suscipit, est ac facilisis facilisis, magna tellus faucibus leo, in lobortis tellus justo sit amet');
Insert into CS_MSGS (ID,USER_ID,DATETIME,CONTENT) values (224,789110754,to_timestamp('16-06-12 14:08:19.162490000','RR-MM-DD HH24:MI:SSXFF'),'in sodales elit erat vitae risus. Duis a');
Insert into CS_MSGS (ID,USER_ID,DATETIME,CONTENT) values (225,30352832,to_timestamp('16-06-12 14:08:19.363130000','RR-MM-DD HH24:MI:SSXFF'),'cursus luctus, ipsum leo elementum sem, vitae aliquam eros turpis non enim. Mauris quis turpis vitae purus gravida sagittis. Duis gravida. Praesent eu nulla');
Insert into CS_MSGS (ID,USER_ID,DATETIME,CONTENT) values (226,180529738,to_timestamp('16-06-12 14:08:19.562800000','RR-MM-DD HH24:MI:SSXFF'),'quam vel sapien imperdiet ornare. In faucibus. Morbi vehicula. Pellentesque tincidunt tempus risus. Donec egestas. Duis ac arcu. Nunc mauris. Morbi non sapien molestie orci tincidunt adipiscing. Mauris molestie pharetra nibh. Aliquam');
Insert into CS_MSGS (ID,USER_ID,DATETIME,CONTENT) values (227,963042884,to_timestamp('16-06-12 14:08:19.770039000','RR-MM-DD HH24:MI:SSXFF'),'diam vel arcu. Curabitur ut odio vel est tempor bibendum. Donec felis orci, adipiscing non, luctus sit amet, faucibus ut, nulla. Cras eu tellus');
Insert into CS_MSGS (ID,USER_ID,DATETIME,CONTENT) values (228,963042884,to_timestamp('16-06-12 14:08:19.973354000','RR-MM-DD HH24:MI:SSXFF'),'ultrices a, auctor non, feugiat nec, diam. Duis mi enim, condimentum eget, volutpat ornare,');
Insert into CS_MSGS (ID,USER_ID,DATETIME,CONTENT) values (229,449055923,to_timestamp('16-06-12 14:08:20.181743000','RR-MM-DD HH24:MI:SSXFF'),'montes, nascetur ridiculus mus. Donec dignissim magna a tortor. Nunc commodo auctor velit. Aliquam nisl. Nulla eu neque pellentesque massa lobortis ultrices. Vivamus rhoncus. Donec');
Insert into CS_MSGS (ID,USER_ID,DATETIME,CONTENT) values (230,294073332,to_timestamp('16-06-12 14:08:20.382325000','RR-MM-DD HH24:MI:SSXFF'),'luctus, ipsum leo elementum sem, vitae aliquam eros turpis non enim. Mauris quis turpis vitae purus gravida sagittis. Duis gravida. Praesent eu nulla at sem molestie sodales. Mauris blandit enim consequat purus. Maecenas libero est, congue a, aliquet');

--
--CS_POSTS
--
REM INSERTING into CS_POSTS
SET DEFINE OFF;
Insert into CS_POSTS (ID,CATEGORY_ID,TITLE) values (1,7,'et ultrices posuere cubilia Curae;');
Insert into CS_POSTS (ID,CATEGORY_ID,TITLE) values (2,1,'eros nec tellus. Nunc lectus pede, ultrices a,');
Insert into CS_POSTS (ID,CATEGORY_ID,TITLE) values (3,5,'mollis dui, in sodales elit erat');
Insert into CS_POSTS (ID,CATEGORY_ID,TITLE) values (4,4,'lectus justo eu arcu. Morbi sit');
Insert into CS_POSTS (ID,CATEGORY_ID,TITLE) values (5,1,'eu erat semper rutrum. Fusce dolor quam, elementum');
Insert into CS_POSTS (ID,CATEGORY_ID,TITLE) values (6,8,'justo eu arcu. Morbi sit amet');
Insert into CS_POSTS (ID,CATEGORY_ID,TITLE) values (7,8,'vel quam dignissim pharetra. Nam ac');
Insert into CS_POSTS (ID,CATEGORY_ID,TITLE) values (8,8,'amet, dapibus id, blandit at, nisi. Cum');
Insert into CS_POSTS (ID,CATEGORY_ID,TITLE) values (9,2,'Vivamus nisi. Mauris nulla. Integer urna. Vivamus');
Insert into CS_POSTS (ID,CATEGORY_ID,TITLE) values (10,3,'blandit enim consequat purus. Maecenas libero');
Insert into CS_POSTS (ID,CATEGORY_ID,TITLE) values (11,5,'ligula eu enim. Etiam imperdiet dictum');
Insert into CS_POSTS (ID,CATEGORY_ID,TITLE) values (12,2,'egestas nunc sed libero. Proin sed turpis nec');
Insert into CS_POSTS (ID,CATEGORY_ID,TITLE) values (13,6,'taciti sociosqu ad litora torquent per');
Insert into CS_POSTS (ID,CATEGORY_ID,TITLE) values (14,5,'dictum eu, eleifend nec, malesuada');
Insert into CS_POSTS (ID,CATEGORY_ID,TITLE) values (15,3,'elementum, dui quis accumsan convallis,');
Insert into CS_POSTS (ID,CATEGORY_ID,TITLE) values (16,4,'quis turpis vitae purus gravida sagittis.');
Insert into CS_POSTS (ID,CATEGORY_ID,TITLE) values (17,6,'senectus et netus et malesuada fames ac');
Insert into CS_POSTS (ID,CATEGORY_ID,TITLE) values (18,4,'luctus ut, pellentesque eget, dictum');
Insert into CS_POSTS (ID,CATEGORY_ID,TITLE) values (19,2,'magna. Duis dignissim tempor arcu.');
Insert into CS_POSTS (ID,CATEGORY_ID,TITLE) values (20,4,'vulputate, lacus. Cras interdum. Nunc sollicitudin');
Insert into CS_POSTS (ID,CATEGORY_ID,TITLE) values (21,2,'dui. Fusce aliquam, enim nec tempus scelerisque,');
Insert into CS_POSTS (ID,CATEGORY_ID,TITLE) values (22,6,'molestie tortor nibh sit amet orci. Ut');
Insert into CS_POSTS (ID,CATEGORY_ID,TITLE) values (23,6,'eget, venenatis a, magna. Lorem ipsum dolor');
Insert into CS_POSTS (ID,CATEGORY_ID,TITLE) values (24,2,'pretium neque. Morbi quis urna.');
Insert into CS_POSTS (ID,CATEGORY_ID,TITLE) values (25,2,'purus. Maecenas libero est, congue');
Insert into CS_POSTS (ID,CATEGORY_ID,TITLE) values (26,8,'aliquet libero. Integer in magna.');
Insert into CS_POSTS (ID,CATEGORY_ID,TITLE) values (27,2,'Maecenas ornare egestas ligula. Nullam feugiat');
Insert into CS_POSTS (ID,CATEGORY_ID,TITLE) values (28,9,'vitae dolor. Donec fringilla. Donec feugiat');
Insert into CS_POSTS (ID,CATEGORY_ID,TITLE) values (29,6,'magna. Ut tincidunt orci quis lectus.');
Insert into CS_POSTS (ID,CATEGORY_ID,TITLE) values (30,5,'justo. Praesent luctus. Curabitur egestas');
Insert into CS_POSTS (ID,CATEGORY_ID,TITLE) values (31,3,'metus urna convallis erat, eget tincidunt');
Insert into CS_POSTS (ID,CATEGORY_ID,TITLE) values (32,3,'tempor diam dictum sapien. Aenean');
Insert into CS_POSTS (ID,CATEGORY_ID,TITLE) values (33,5,'sit amet risus. Donec egestas. Aliquam nec enim.');
Insert into CS_POSTS (ID,CATEGORY_ID,TITLE) values (34,6,'convallis ligula. Donec luctus aliquet odio. Etiam');
Insert into CS_POSTS (ID,CATEGORY_ID,TITLE) values (35,9,'lacus. Quisque imperdiet, erat nonummy');
Insert into CS_POSTS (ID,CATEGORY_ID,TITLE) values (36,9,'purus mauris a nunc. In at');
Insert into CS_POSTS (ID,CATEGORY_ID,TITLE) values (37,9,'adipiscing lobortis risus. In mi');
Insert into CS_POSTS (ID,CATEGORY_ID,TITLE) values (38,1,'eget tincidunt dui augue eu tellus.');
Insert into CS_POSTS (ID,CATEGORY_ID,TITLE) values (39,6,'iaculis odio. Nam interdum enim non nisi. Aenean');
Insert into CS_POSTS (ID,CATEGORY_ID,TITLE) values (40,1,'massa lobortis ultrices. Vivamus rhoncus. Donec');
Insert into CS_POSTS (ID,CATEGORY_ID,TITLE) values (41,4,'neque et nunc. Quisque ornare tortor at');
Insert into CS_POSTS (ID,CATEGORY_ID,TITLE) values (42,4,'convallis ligula. Donec luctus aliquet odio. Etiam');
Insert into CS_POSTS (ID,CATEGORY_ID,TITLE) values (43,8,'risus. Nunc ac sem ut dolor');
Insert into CS_POSTS (ID,CATEGORY_ID,TITLE) values (44,6,'magna nec quam. Curabitur vel lectus. Cum sociis');
Insert into CS_POSTS (ID,CATEGORY_ID,TITLE) values (45,7,'placerat, augue. Sed molestie. Sed id');
Insert into CS_POSTS (ID,CATEGORY_ID,TITLE) values (46,5,'Fusce aliquam, enim nec tempus scelerisque, lorem');
Insert into CS_POSTS (ID,CATEGORY_ID,TITLE) values (47,2,'ridiculus mus. Proin vel nisl.');
Insert into CS_POSTS (ID,CATEGORY_ID,TITLE) values (48,5,'volutpat nunc sit amet metus. Aliquam');
Insert into CS_POSTS (ID,CATEGORY_ID,TITLE) values (49,7,'Duis sit amet diam eu');
Insert into CS_POSTS (ID,CATEGORY_ID,TITLE) values (50,1,'in, cursus et, eros. Proin');
Insert into CS_POSTS (ID,CATEGORY_ID,TITLE) values (51,7,'tellus lorem eu metus. In lorem. Donec elementum,');
Insert into CS_POSTS (ID,CATEGORY_ID,TITLE) values (52,3,'In nec orci. Donec nibh. Quisque nonummy');
Insert into CS_POSTS (ID,CATEGORY_ID,TITLE) values (53,2,'sem semper erat, in consectetuer ipsum nunc id');
Insert into CS_POSTS (ID,CATEGORY_ID,TITLE) values (54,4,'ut mi. Duis risus odio, auctor vitae, aliquet');
Insert into CS_POSTS (ID,CATEGORY_ID,TITLE) values (55,3,'semper egestas, urna justo faucibus lectus, a');
Insert into CS_POSTS (ID,CATEGORY_ID,TITLE) values (56,4,'mauris id sapien. Cras dolor');
Insert into CS_POSTS (ID,CATEGORY_ID,TITLE) values (57,5,'dictum mi, ac mattis velit justo nec ante.');
Insert into CS_POSTS (ID,CATEGORY_ID,TITLE) values (58,6,'feugiat. Sed nec metus facilisis');
Insert into CS_POSTS (ID,CATEGORY_ID,TITLE) values (59,7,'nascetur ridiculus mus. Donec dignissim magna');
Insert into CS_POSTS (ID,CATEGORY_ID,TITLE) values (60,8,'a, dui. Cras pellentesque. Sed dictum.');
Insert into CS_POSTS (ID,CATEGORY_ID,TITLE) values (61,2,'Cras lorem lorem, luctus ut, pellentesque');
Insert into CS_POSTS (ID,CATEGORY_ID,TITLE) values (62,6,'sed orci lobortis augue scelerisque');
Insert into CS_POSTS (ID,CATEGORY_ID,TITLE) values (63,9,'morbi tristique senectus et netus et malesuada');
Insert into CS_POSTS (ID,CATEGORY_ID,TITLE) values (64,9,'mauris ipsum porta elit, a');
Insert into CS_POSTS (ID,CATEGORY_ID,TITLE) values (65,7,'neque. Morbi quis urna. Nunc quis arcu vel');
Insert into CS_POSTS (ID,CATEGORY_ID,TITLE) values (66,6,'quis arcu vel quam dignissim pharetra. Nam ac');
Insert into CS_POSTS (ID,CATEGORY_ID,TITLE) values (67,3,'Proin dolor. Nulla semper tellus');
Insert into CS_POSTS (ID,CATEGORY_ID,TITLE) values (68,9,'luctus et ultrices posuere cubilia Curae; Donec');
Insert into CS_POSTS (ID,CATEGORY_ID,TITLE) values (69,1,'eget mollis lectus pede et risus. Quisque libero');
Insert into CS_POSTS (ID,CATEGORY_ID,TITLE) values (70,8,'Sed auctor odio a purus. Duis elementum,');
Insert into CS_POSTS (ID,CATEGORY_ID,TITLE) values (71,8,'sapien. Aenean massa. Integer vitae nibh.');
Insert into CS_POSTS (ID,CATEGORY_ID,TITLE) values (72,9,'sem elit, pharetra ut, pharetra sed,');
Insert into CS_POSTS (ID,CATEGORY_ID,TITLE) values (73,9,'luctus vulputate, nisi sem semper');
Insert into CS_POSTS (ID,CATEGORY_ID,TITLE) values (74,3,'augue ac ipsum. Phasellus vitae mauris');
Insert into CS_POSTS (ID,CATEGORY_ID,TITLE) values (75,9,'dapibus ligula. Aliquam erat volutpat.');
Insert into CS_POSTS (ID,CATEGORY_ID,TITLE) values (76,8,'dictum magna. Ut tincidunt orci quis lectus.');
Insert into CS_POSTS (ID,CATEGORY_ID,TITLE) values (77,4,'dolor elit, pellentesque a, facilisis non,');
Insert into CS_POSTS (ID,CATEGORY_ID,TITLE) values (78,7,'risus quis diam luctus lobortis.');
Insert into CS_POSTS (ID,CATEGORY_ID,TITLE) values (79,2,'pede ac urna. Ut tincidunt');
Insert into CS_POSTS (ID,CATEGORY_ID,TITLE) values (80,4,'porttitor eros nec tellus. Nunc lectus');
Insert into CS_POSTS (ID,CATEGORY_ID,TITLE) values (81,9,'ac orci. Ut semper pretium neque. Morbi');

--
--CS_COMMENTS
--
REM INSERTING into CS_COMMENTS
SET DEFINE OFF;
Insert into CS_COMMENTS (ID,POST_ID) values (260,74);
Insert into CS_COMMENTS (ID,POST_ID) values (261,33);
Insert into CS_COMMENTS (ID,POST_ID) values (262,27);
Insert into CS_COMMENTS (ID,POST_ID) values (263,53);
Insert into CS_COMMENTS (ID,POST_ID) values (264,14);
Insert into CS_COMMENTS (ID,POST_ID) values (265,62);
Insert into CS_COMMENTS (ID,POST_ID) values (266,53);
Insert into CS_COMMENTS (ID,POST_ID) values (267,25);
Insert into CS_COMMENTS (ID,POST_ID) values (268,14);
Insert into CS_COMMENTS (ID,POST_ID) values (269,40);
Insert into CS_COMMENTS (ID,POST_ID) values (270,18);
Insert into CS_COMMENTS (ID,POST_ID) values (271,27);
Insert into CS_COMMENTS (ID,POST_ID) values (272,11);
Insert into CS_COMMENTS (ID,POST_ID) values (273,11);
Insert into CS_COMMENTS (ID,POST_ID) values (274,42);
Insert into CS_COMMENTS (ID,POST_ID) values (275,11);
Insert into CS_COMMENTS (ID,POST_ID) values (276,27);
Insert into CS_COMMENTS (ID,POST_ID) values (277,49);
Insert into CS_COMMENTS (ID,POST_ID) values (278,53);
Insert into CS_COMMENTS (ID,POST_ID) values (279,52);
Insert into CS_COMMENTS (ID,POST_ID) values (280,6);
Insert into CS_COMMENTS (ID,POST_ID) values (281,6);
Insert into CS_COMMENTS (ID,POST_ID) values (82,53);
Insert into CS_COMMENTS (ID,POST_ID) values (83,34);
Insert into CS_COMMENTS (ID,POST_ID) values (84,5);
Insert into CS_COMMENTS (ID,POST_ID) values (85,14);
Insert into CS_COMMENTS (ID,POST_ID) values (86,20);
Insert into CS_COMMENTS (ID,POST_ID) values (87,69);
Insert into CS_COMMENTS (ID,POST_ID) values (88,12);
Insert into CS_COMMENTS (ID,POST_ID) values (89,63);
Insert into CS_COMMENTS (ID,POST_ID) values (90,6);
Insert into CS_COMMENTS (ID,POST_ID) values (91,52);
Insert into CS_COMMENTS (ID,POST_ID) values (92,70);
Insert into CS_COMMENTS (ID,POST_ID) values (93,7);
Insert into CS_COMMENTS (ID,POST_ID) values (94,5);
Insert into CS_COMMENTS (ID,POST_ID) values (95,80);
Insert into CS_COMMENTS (ID,POST_ID) values (96,55);
Insert into CS_COMMENTS (ID,POST_ID) values (97,22);
Insert into CS_COMMENTS (ID,POST_ID) values (98,66);
Insert into CS_COMMENTS (ID,POST_ID) values (99,27);
Insert into CS_COMMENTS (ID,POST_ID) values (100,18);
Insert into CS_COMMENTS (ID,POST_ID) values (101,11);
Insert into CS_COMMENTS (ID,POST_ID) values (102,20);
Insert into CS_COMMENTS (ID,POST_ID) values (103,71);
Insert into CS_COMMENTS (ID,POST_ID) values (104,16);
Insert into CS_COMMENTS (ID,POST_ID) values (105,62);
Insert into CS_COMMENTS (ID,POST_ID) values (106,16);
Insert into CS_COMMENTS (ID,POST_ID) values (107,20);
Insert into CS_COMMENTS (ID,POST_ID) values (108,44);
Insert into CS_COMMENTS (ID,POST_ID) values (109,18);
Insert into CS_COMMENTS (ID,POST_ID) values (110,44);
Insert into CS_COMMENTS (ID,POST_ID) values (111,65);
Insert into CS_COMMENTS (ID,POST_ID) values (112,27);
Insert into CS_COMMENTS (ID,POST_ID) values (113,8);
Insert into CS_COMMENTS (ID,POST_ID) values (114,75);
Insert into CS_COMMENTS (ID,POST_ID) values (115,75);
Insert into CS_COMMENTS (ID,POST_ID) values (116,58);
Insert into CS_COMMENTS (ID,POST_ID) values (117,15);
Insert into CS_COMMENTS (ID,POST_ID) values (118,26);
Insert into CS_COMMENTS (ID,POST_ID) values (119,45);
Insert into CS_COMMENTS (ID,POST_ID) values (120,28);
Insert into CS_COMMENTS (ID,POST_ID) values (121,37);
Insert into CS_COMMENTS (ID,POST_ID) values (122,74);
Insert into CS_COMMENTS (ID,POST_ID) values (123,31);
Insert into CS_COMMENTS (ID,POST_ID) values (124,37);
Insert into CS_COMMENTS (ID,POST_ID) values (125,4);
Insert into CS_COMMENTS (ID,POST_ID) values (126,50);
Insert into CS_COMMENTS (ID,POST_ID) values (127,73);
Insert into CS_COMMENTS (ID,POST_ID) values (128,70);
Insert into CS_COMMENTS (ID,POST_ID) values (129,56);
Insert into CS_COMMENTS (ID,POST_ID) values (130,73);
Insert into CS_COMMENTS (ID,POST_ID) values (131,80);
Insert into CS_COMMENTS (ID,POST_ID) values (132,48);
Insert into CS_COMMENTS (ID,POST_ID) values (133,15);
Insert into CS_COMMENTS (ID,POST_ID) values (134,54);
Insert into CS_COMMENTS (ID,POST_ID) values (135,63);
Insert into CS_COMMENTS (ID,POST_ID) values (136,68);
Insert into CS_COMMENTS (ID,POST_ID) values (137,56);
Insert into CS_COMMENTS (ID,POST_ID) values (138,6);
Insert into CS_COMMENTS (ID,POST_ID) values (139,79);
Insert into CS_COMMENTS (ID,POST_ID) values (140,31);
Insert into CS_COMMENTS (ID,POST_ID) values (141,15);
Insert into CS_COMMENTS (ID,POST_ID) values (142,47);
Insert into CS_COMMENTS (ID,POST_ID) values (143,77);
Insert into CS_COMMENTS (ID,POST_ID) values (144,28);
Insert into CS_COMMENTS (ID,POST_ID) values (145,29);
Insert into CS_COMMENTS (ID,POST_ID) values (146,37);
Insert into CS_COMMENTS (ID,POST_ID) values (147,58);
Insert into CS_COMMENTS (ID,POST_ID) values (148,70);
Insert into CS_COMMENTS (ID,POST_ID) values (149,42);
Insert into CS_COMMENTS (ID,POST_ID) values (150,76);
Insert into CS_COMMENTS (ID,POST_ID) values (151,71);
Insert into CS_COMMENTS (ID,POST_ID) values (152,56);
Insert into CS_COMMENTS (ID,POST_ID) values (153,25);
Insert into CS_COMMENTS (ID,POST_ID) values (154,74);
Insert into CS_COMMENTS (ID,POST_ID) values (155,58);
Insert into CS_COMMENTS (ID,POST_ID) values (156,73);
Insert into CS_COMMENTS (ID,POST_ID) values (157,48);
Insert into CS_COMMENTS (ID,POST_ID) values (158,60);
Insert into CS_COMMENTS (ID,POST_ID) values (159,15);
Insert into CS_COMMENTS (ID,POST_ID) values (160,5);
Insert into CS_COMMENTS (ID,POST_ID) values (161,49);
Insert into CS_COMMENTS (ID,POST_ID) values (162,67);
Insert into CS_COMMENTS (ID,POST_ID) values (163,56);
Insert into CS_COMMENTS (ID,POST_ID) values (164,27);
Insert into CS_COMMENTS (ID,POST_ID) values (165,74);
Insert into CS_COMMENTS (ID,POST_ID) values (166,24);
Insert into CS_COMMENTS (ID,POST_ID) values (167,16);
Insert into CS_COMMENTS (ID,POST_ID) values (168,44);
Insert into CS_COMMENTS (ID,POST_ID) values (169,44);
Insert into CS_COMMENTS (ID,POST_ID) values (170,62);
Insert into CS_COMMENTS (ID,POST_ID) values (171,76);
Insert into CS_COMMENTS (ID,POST_ID) values (172,48);
Insert into CS_COMMENTS (ID,POST_ID) values (173,48);
Insert into CS_COMMENTS (ID,POST_ID) values (174,59);
Insert into CS_COMMENTS (ID,POST_ID) values (175,65);
Insert into CS_COMMENTS (ID,POST_ID) values (176,52);
Insert into CS_COMMENTS (ID,POST_ID) values (177,65);
Insert into CS_COMMENTS (ID,POST_ID) values (178,69);
Insert into CS_COMMENTS (ID,POST_ID) values (179,21);
Insert into CS_COMMENTS (ID,POST_ID) values (180,19);
Insert into CS_COMMENTS (ID,POST_ID) values (181,71);
Insert into CS_COMMENTS (ID,POST_ID) values (182,8);
Insert into CS_COMMENTS (ID,POST_ID) values (183,68);
Insert into CS_COMMENTS (ID,POST_ID) values (184,58);
Insert into CS_COMMENTS (ID,POST_ID) values (185,38);
Insert into CS_COMMENTS (ID,POST_ID) values (186,28);
Insert into CS_COMMENTS (ID,POST_ID) values (187,24);
Insert into CS_COMMENTS (ID,POST_ID) values (188,8);
Insert into CS_COMMENTS (ID,POST_ID) values (189,57);
Insert into CS_COMMENTS (ID,POST_ID) values (190,13);
Insert into CS_COMMENTS (ID,POST_ID) values (191,3);
Insert into CS_COMMENTS (ID,POST_ID) values (192,46);
Insert into CS_COMMENTS (ID,POST_ID) values (193,42);
Insert into CS_COMMENTS (ID,POST_ID) values (194,68);
Insert into CS_COMMENTS (ID,POST_ID) values (195,69);
Insert into CS_COMMENTS (ID,POST_ID) values (196,71);
Insert into CS_COMMENTS (ID,POST_ID) values (197,21);
Insert into CS_COMMENTS (ID,POST_ID) values (198,41);
Insert into CS_COMMENTS (ID,POST_ID) values (199,64);
Insert into CS_COMMENTS (ID,POST_ID) values (200,37);
Insert into CS_COMMENTS (ID,POST_ID) values (201,39);
Insert into CS_COMMENTS (ID,POST_ID) values (202,32);
Insert into CS_COMMENTS (ID,POST_ID) values (203,79);
Insert into CS_COMMENTS (ID,POST_ID) values (204,57);
Insert into CS_COMMENTS (ID,POST_ID) values (205,50);
Insert into CS_COMMENTS (ID,POST_ID) values (206,45);
Insert into CS_COMMENTS (ID,POST_ID) values (207,11);
Insert into CS_COMMENTS (ID,POST_ID) values (208,6);
Insert into CS_COMMENTS (ID,POST_ID) values (209,59);
Insert into CS_COMMENTS (ID,POST_ID) values (210,28);
Insert into CS_COMMENTS (ID,POST_ID) values (211,3);
Insert into CS_COMMENTS (ID,POST_ID) values (212,39);
Insert into CS_COMMENTS (ID,POST_ID) values (213,76);
Insert into CS_COMMENTS (ID,POST_ID) values (214,71);
Insert into CS_COMMENTS (ID,POST_ID) values (215,77);
Insert into CS_COMMENTS (ID,POST_ID) values (216,26);
Insert into CS_COMMENTS (ID,POST_ID) values (217,44);
Insert into CS_COMMENTS (ID,POST_ID) values (218,63);
Insert into CS_COMMENTS (ID,POST_ID) values (219,74);
Insert into CS_COMMENTS (ID,POST_ID) values (220,68);
Insert into CS_COMMENTS (ID,POST_ID) values (221,19);
Insert into CS_COMMENTS (ID,POST_ID) values (222,63);
Insert into CS_COMMENTS (ID,POST_ID) values (223,23);
Insert into CS_COMMENTS (ID,POST_ID) values (224,5);
Insert into CS_COMMENTS (ID,POST_ID) values (225,40);
Insert into CS_COMMENTS (ID,POST_ID) values (226,47);
Insert into CS_COMMENTS (ID,POST_ID) values (227,5);
Insert into CS_COMMENTS (ID,POST_ID) values (228,53);
Insert into CS_COMMENTS (ID,POST_ID) values (229,52);
Insert into CS_COMMENTS (ID,POST_ID) values (230,34);
Insert into CS_COMMENTS (ID,POST_ID) values (231,67);
Insert into CS_COMMENTS (ID,POST_ID) values (232,8);
Insert into CS_COMMENTS (ID,POST_ID) values (233,48);
Insert into CS_COMMENTS (ID,POST_ID) values (234,79);
Insert into CS_COMMENTS (ID,POST_ID) values (235,49);
Insert into CS_COMMENTS (ID,POST_ID) values (236,80);
Insert into CS_COMMENTS (ID,POST_ID) values (237,26);
Insert into CS_COMMENTS (ID,POST_ID) values (238,4);
Insert into CS_COMMENTS (ID,POST_ID) values (239,19);
Insert into CS_COMMENTS (ID,POST_ID) values (240,59);
Insert into CS_COMMENTS (ID,POST_ID) values (241,20);
Insert into CS_COMMENTS (ID,POST_ID) values (242,24);
Insert into CS_COMMENTS (ID,POST_ID) values (243,12);
Insert into CS_COMMENTS (ID,POST_ID) values (244,5);
Insert into CS_COMMENTS (ID,POST_ID) values (245,50);
Insert into CS_COMMENTS (ID,POST_ID) values (246,41);
Insert into CS_COMMENTS (ID,POST_ID) values (247,49);
Insert into CS_COMMENTS (ID,POST_ID) values (248,32);
Insert into CS_COMMENTS (ID,POST_ID) values (249,57);
Insert into CS_COMMENTS (ID,POST_ID) values (250,5);
Insert into CS_COMMENTS (ID,POST_ID) values (251,7);
Insert into CS_COMMENTS (ID,POST_ID) values (252,48);
Insert into CS_COMMENTS (ID,POST_ID) values (253,19);
Insert into CS_COMMENTS (ID,POST_ID) values (254,43);
Insert into CS_COMMENTS (ID,POST_ID) values (255,65);
Insert into CS_COMMENTS (ID,POST_ID) values (256,52);
Insert into CS_COMMENTS (ID,POST_ID) values (257,72);
Insert into CS_COMMENTS (ID,POST_ID) values (258,5);
Insert into CS_COMMENTS (ID,POST_ID) values (259,6);
